USE [master]
GO

/*******************************************************************************
   Drop database if it exists
********************************************************************************/
IF EXISTS (SELECT name FROM master.dbo.sysdatabases WHERE name = N'PE_DBI202_Su2024')
BEGIN
	ALTER DATABASE PE_DBI202_Su2024 SET OFFLINE WITH ROLLBACK IMMEDIATE;
	ALTER DATABASE PE_DBI202_Su2024 SET ONLINE;
	DROP DATABASE PE_DBI202_Su2024;
END

GO

CREATE DATABASE PE_DBI202_Su2024
GO

USE PE_DBI202_Su2024
GO

/*******************************************************************************
	Drop tables if exists
*******************************************************************************/
DECLARE @sql nvarchar(MAX) 
SET @sql = N'' 

SELECT @sql = @sql + N'ALTER TABLE ' + QUOTENAME(KCU1.TABLE_SCHEMA) 
    + N'.' + QUOTENAME(KCU1.TABLE_NAME) 
    + N' DROP CONSTRAINT ' -- + QUOTENAME(rc.CONSTRAINT_SCHEMA)  + N'.'  -- not in MS-SQL
    + QUOTENAME(rc.CONSTRAINT_NAME) + N'; ' + CHAR(13) + CHAR(10) 
FROM INFORMATION_SCHEMA.REFERENTIAL_CONSTRAINTS AS RC 

INNER JOIN INFORMATION_SCHEMA.KEY_COLUMN_USAGE AS KCU1 
    ON KCU1.CONSTRAINT_CATALOG = RC.CONSTRAINT_CATALOG  
    AND KCU1.CONSTRAINT_SCHEMA = RC.CONSTRAINT_SCHEMA 
    AND KCU1.CONSTRAINT_NAME = RC.CONSTRAINT_NAME 

EXECUTE(@sql) 

GO
DECLARE @sql2 NVARCHAR(max)=''

SELECT @sql2 += ' Drop table ' + QUOTENAME(TABLE_SCHEMA) + '.'+ QUOTENAME(TABLE_NAME) + '; '
FROM   INFORMATION_SCHEMA.TABLES
WHERE  TABLE_TYPE = 'BASE TABLE'

Exec Sp_executesql @sql2 
GO 

---------------------------- Create table ----------------------------------
CREATE TABLE Authors (
    AuthorID INT PRIMARY KEY,
    AuthorName NVARCHAR(100),
    Country NVARCHAR(100), 
    Sex NVARCHAR(10), 
    YearOfBirth INT 
);

CREATE TABLE Genres (
    GenreID INT PRIMARY KEY,
    GenreName NVARCHAR(50) unique
);

CREATE TABLE Books (
    BookID INT PRIMARY KEY,
    Title NVARCHAR(200),
    AuthorID INT FOREIGN KEY REFERENCES Authors(AuthorID),
    PublicationYear INT,
    ISBN NVARCHAR(20),
    GenreID INT FOREIGN KEY REFERENCES Genres(GenreID)
);

CREATE TABLE BookCopies (
    CopyID INT PRIMARY KEY,
    BookID INT FOREIGN KEY REFERENCES Books(BookID)
);

CREATE TABLE Members (
    MemberID INT PRIMARY KEY,
    MemberName NVARCHAR(100),
    Address NVARCHAR(200),
    Email NVARCHAR(100),
	Sex NVARCHAR(20),
	BirthDate date
);

CREATE TABLE Loans (
    LoanID INT PRIMARY KEY,
    MemberID INT FOREIGN KEY REFERENCES Members(MemberID),
    LoanDate DATE,
    DueDate DATE
);

CREATE TABLE LoanDetails (
    LoanDetailID INT PRIMARY KEY,
	LoanID INT FOREIGN KEY REFERENCES Loans(LoanID),
    CopyID INT FOREIGN KEY REFERENCES BookCopies(CopyID),
	ReturnDate DATE
);

---------------------------- insert data ------------------------------------
INSERT [dbo].[Authors] ([AuthorID], [AuthorName], [Country], [Sex], [YearOfBirth]) VALUES (1, N'J.K. Rowling', N'United Kingdom', N'Female', 1965)
INSERT [dbo].[Authors] ([AuthorID], [AuthorName], [Country], [Sex], [YearOfBirth]) VALUES (2, N'Stephen King', N'United States', N'Male', 1947)
INSERT [dbo].[Authors] ([AuthorID], [AuthorName], [Country], [Sex], [YearOfBirth]) VALUES (3, N'Jane Austen', N'United Kingdom', N'Female', 1775)
INSERT [dbo].[Authors] ([AuthorID], [AuthorName], [Country], [Sex], [YearOfBirth]) VALUES (4, N'George Orwell', N'United Kingdom', N'Male', 1903)
INSERT [dbo].[Authors] ([AuthorID], [AuthorName], [Country], [Sex], [YearOfBirth]) VALUES (5, N'Agatha Christie', N'United Kingdom', N'Female', 1890)
INSERT [dbo].[Authors] ([AuthorID], [AuthorName], [Country], [Sex], [YearOfBirth]) VALUES (6, N'Mark Twain', N'United States', N'Male', 1835)
INSERT [dbo].[Authors] ([AuthorID], [AuthorName], [Country], [Sex], [YearOfBirth]) VALUES (7, N'J.R.R. Tolkien', N'United Kingdom', N'Male', 1892)
INSERT [dbo].[Authors] ([AuthorID], [AuthorName], [Country], [Sex], [YearOfBirth]) VALUES (8, N'Harper Lee', N'United States', N'Female', 1926)
INSERT [dbo].[Authors] ([AuthorID], [AuthorName], [Country], [Sex], [YearOfBirth]) VALUES (9, N'Ernest Hemingway', N'United States', N'Male', 1899)
INSERT [dbo].[Authors] ([AuthorID], [AuthorName], [Country], [Sex], [YearOfBirth]) VALUES (10, N'William Shakespeare', N'United Kingdom', N'Male', 1564)
INSERT [dbo].[Authors] ([AuthorID], [AuthorName], [Country], [Sex], [YearOfBirth]) VALUES (11, N'Charles Dickens', N'United Kingdom', N'Male', 1812)
INSERT [dbo].[Authors] ([AuthorID], [AuthorName], [Country], [Sex], [YearOfBirth]) VALUES (12, N'F. Scott Fitzgerald', N'United States', N'Male', 1896)
INSERT [dbo].[Authors] ([AuthorID], [AuthorName], [Country], [Sex], [YearOfBirth]) VALUES (13, N'Gabriel García Márquez', N'Colombia', N'Male', 1927)
INSERT [dbo].[Authors] ([AuthorID], [AuthorName], [Country], [Sex], [YearOfBirth]) VALUES (14, N'Toni Morrison', N'United States', N'Female', 1931)
INSERT [dbo].[Authors] ([AuthorID], [AuthorName], [Country], [Sex], [YearOfBirth]) VALUES (15, N'Leo Tolstoy', N'Russia', N'Male', 1828)
INSERT [dbo].[Authors] ([AuthorID], [AuthorName], [Country], [Sex], [YearOfBirth]) VALUES (16, N'Virginia Woolf', N'United Kingdom', N'Female', 1882)
INSERT [dbo].[Authors] ([AuthorID], [AuthorName], [Country], [Sex], [YearOfBirth]) VALUES (17, N'John Steinbeck', N'United States', N'Male', 1902)
INSERT [dbo].[Authors] ([AuthorID], [AuthorName], [Country], [Sex], [YearOfBirth]) VALUES (18, N'Franz Kafka', N'Czech Republic', N'Male', 1883)
INSERT [dbo].[Authors] ([AuthorID], [AuthorName], [Country], [Sex], [YearOfBirth]) VALUES (19, N'Emily Dickinson', N'United States', N'Female', 1830)
INSERT [dbo].[Authors] ([AuthorID], [AuthorName], [Country], [Sex], [YearOfBirth]) VALUES (20, N'Arthur Conan Doyle', N'United Kingdom', N'Male', 1859)
INSERT [dbo].[Authors] ([AuthorID], [AuthorName], [Country], [Sex], [YearOfBirth]) VALUES (21, N'Kurt Vonnegut', N'United States', N'Male', 1922)
INSERT [dbo].[Authors] ([AuthorID], [AuthorName], [Country], [Sex], [YearOfBirth]) VALUES (22, N'Maya Angelou', N'United States', N'Female', 1928)
INSERT [dbo].[Authors] ([AuthorID], [AuthorName], [Country], [Sex], [YearOfBirth]) VALUES (23, N'Salman Rushdie', N'India', N'Male', 1947)
INSERT [dbo].[Authors] ([AuthorID], [AuthorName], [Country], [Sex], [YearOfBirth]) VALUES (24, N'Margaret Atwood', N'Canada', N'Female', 1939)
INSERT [dbo].[Authors] ([AuthorID], [AuthorName], [Country], [Sex], [YearOfBirth]) VALUES (25, N'Haruki Murakami', N'Japan', N'Male', 1949)
GO
INSERT [dbo].[Genres] ([GenreID], [GenreName]) VALUES (1, N'Science Fiction')
INSERT [dbo].[Genres] ([GenreID], [GenreName]) VALUES (2, N'Fantasy')
INSERT [dbo].[Genres] ([GenreID], [GenreName]) VALUES (3, N'Mystery')
INSERT [dbo].[Genres] ([GenreID], [GenreName]) VALUES (4, N'Thriller')
INSERT [dbo].[Genres] ([GenreID], [GenreName]) VALUES (5, N'Romance')
INSERT [dbo].[Genres] ([GenreID], [GenreName]) VALUES (6, N'Historical Fiction')
INSERT [dbo].[Genres] ([GenreID], [GenreName]) VALUES (7, N'Biography')
INSERT [dbo].[Genres] ([GenreID], [GenreName]) VALUES (8, N'Horror')
INSERT [dbo].[Genres] ([GenreID], [GenreName]) VALUES (9, N'Adventure')
INSERT [dbo].[Genres] ([GenreID], [GenreName]) VALUES (10, N'Poetry')
GO
INSERT [dbo].[Books] ([BookID], [Title], [AuthorID], [PublicationYear], [ISBN], [GenreID]) VALUES (1, N'Harry Potter and the Sorcerer''s Stone', 1, 1997, N'9780590353427', 2)
INSERT [dbo].[Books] ([BookID], [Title], [AuthorID], [PublicationYear], [ISBN], [GenreID]) VALUES (2, N'The Shining', 2, 1977, N'9780385121675', 8)
INSERT [dbo].[Books] ([BookID], [Title], [AuthorID], [PublicationYear], [ISBN], [GenreID]) VALUES (3, N'Pride and Prejudice', 3, 1813, N'9780486284736', 5)
INSERT [dbo].[Books] ([BookID], [Title], [AuthorID], [PublicationYear], [ISBN], [GenreID]) VALUES (4, N'1984', 4, 1949, N'9780451524935', 1)
INSERT [dbo].[Books] ([BookID], [Title], [AuthorID], [PublicationYear], [ISBN], [GenreID]) VALUES (5, N'Murder on the Orient Express', 5, 1934, N'9780062693662', 3)
INSERT [dbo].[Books] ([BookID], [Title], [AuthorID], [PublicationYear], [ISBN], [GenreID]) VALUES (6, N'The Adventures of Huckleberry Finn', 6, 1884, N'9780486280615', 9)
INSERT [dbo].[Books] ([BookID], [Title], [AuthorID], [PublicationYear], [ISBN], [GenreID]) VALUES (7, N'The Hobbit', 7, 1937, N'9780345339683', 2)
INSERT [dbo].[Books] ([BookID], [Title], [AuthorID], [PublicationYear], [ISBN], [GenreID]) VALUES (8, N'To Kill a Mockingbird', 8, 1960, N'9780061120084', 5)
INSERT [dbo].[Books] ([BookID], [Title], [AuthorID], [PublicationYear], [ISBN], [GenreID]) VALUES (9, N'The Old Man and the Sea', 9, 1952, N'9780684801223', 9)
INSERT [dbo].[Books] ([BookID], [Title], [AuthorID], [PublicationYear], [ISBN], [GenreID]) VALUES (10, N'Hamlet', 10, 1603, N'9780743477123', 7)
INSERT [dbo].[Books] ([BookID], [Title], [AuthorID], [PublicationYear], [ISBN], [GenreID]) VALUES (11, N'Great Expectations', 11, 1861, N'9780141439563', 5)
INSERT [dbo].[Books] ([BookID], [Title], [AuthorID], [PublicationYear], [ISBN], [GenreID]) VALUES (12, N'The Great Gatsby', 12, 1925, N'9780743273565', 5)
INSERT [dbo].[Books] ([BookID], [Title], [AuthorID], [PublicationYear], [ISBN], [GenreID]) VALUES (13, N'One Hundred Years of Solitude', 13, 1967, N'9780061120091', 1)
INSERT [dbo].[Books] ([BookID], [Title], [AuthorID], [PublicationYear], [ISBN], [GenreID]) VALUES (14, N'Beloved', 14, 1987, N'9780452280625', 5)
INSERT [dbo].[Books] ([BookID], [Title], [AuthorID], [PublicationYear], [ISBN], [GenreID]) VALUES (15, N'War and Peace', 15, 1869, N'9780199232765', 6)
INSERT [dbo].[Books] ([BookID], [Title], [AuthorID], [PublicationYear], [ISBN], [GenreID]) VALUES (16, N'Mrs. Dalloway', 16, 1925, N'9780156628709', 5)
INSERT [dbo].[Books] ([BookID], [Title], [AuthorID], [PublicationYear], [ISBN], [GenreID]) VALUES (17, N'Of Mice and Men', 17, 1937, N'9780140177398', 9)
INSERT [dbo].[Books] ([BookID], [Title], [AuthorID], [PublicationYear], [ISBN], [GenreID]) VALUES (18, N'The Metamorphosis', 18, 1915, N'9781503274087', 1)
INSERT [dbo].[Books] ([BookID], [Title], [AuthorID], [PublicationYear], [ISBN], [GenreID]) VALUES (19, N'The Complete Poems of Emily Dickinson', 19, 1976, N'9780316184137', 10)
INSERT [dbo].[Books] ([BookID], [Title], [AuthorID], [PublicationYear], [ISBN], [GenreID]) VALUES (20, N'The Adventures of Sherlock Holmes', 20, 1892, N'9781402714533', 3)
INSERT [dbo].[Books] ([BookID], [Title], [AuthorID], [PublicationYear], [ISBN], [GenreID]) VALUES (21, N'Slaughterhouse-Five', 21, 1969, N'9780385333849', 1)
INSERT [dbo].[Books] ([BookID], [Title], [AuthorID], [PublicationYear], [ISBN], [GenreID]) VALUES (22, N'I Know Why the Caged Bird Sings', 22, 1969, N'9780553279375', 7)
INSERT [dbo].[Books] ([BookID], [Title], [AuthorID], [PublicationYear], [ISBN], [GenreID]) VALUES (23, N'Midnight''s Children', 23, 1981, N'9780385494997', 1)
INSERT [dbo].[Books] ([BookID], [Title], [AuthorID], [PublicationYear], [ISBN], [GenreID]) VALUES (24, N'The Handmaid''s Tale', 24, 1985, N'9780385490814', 1)
INSERT [dbo].[Books] ([BookID], [Title], [AuthorID], [PublicationYear], [ISBN], [GenreID]) VALUES (25, N'Norwegian Wood', 25, 1987, N'9780375704024', 5)
INSERT [dbo].[Books] ([BookID], [Title], [AuthorID], [PublicationYear], [ISBN], [GenreID]) VALUES (31, N'The Cuckoo''s Calling', 1, 2013, N'9780316206846', 3)
INSERT [dbo].[Books] ([BookID], [Title], [AuthorID], [PublicationYear], [ISBN], [GenreID]) VALUES (32, N'Bag of Bones', 2, 1998, N'9780671024239', 8)
INSERT [dbo].[Books] ([BookID], [Title], [AuthorID], [PublicationYear], [ISBN], [GenreID]) VALUES (33, N'Sense and Sensibility', 3, 1811, N'9780141439662', 5)
INSERT [dbo].[Books] ([BookID], [Title], [AuthorID], [PublicationYear], [ISBN], [GenreID]) VALUES (34, N'Animal Farm', 4, 1945, N'9780451526342', 1)
INSERT [dbo].[Books] ([BookID], [Title], [AuthorID], [PublicationYear], [ISBN], [GenreID]) VALUES (35, N'Death on the Nile', 5, 1937, N'9780062073556', 3)
INSERT [dbo].[Books] ([BookID], [Title], [AuthorID], [PublicationYear], [ISBN], [GenreID]) VALUES (36, N'Tom Sawyer', 6, 1876, N'9780486425228', 9)
INSERT [dbo].[Books] ([BookID], [Title], [AuthorID], [PublicationYear], [ISBN], [GenreID]) VALUES (37, N'The Fellowship of the Ring', 7, 1954, N'9780345339706', 2)
INSERT [dbo].[Books] ([BookID], [Title], [AuthorID], [PublicationYear], [ISBN], [GenreID]) VALUES (38, N'Go Set a Watchman', 8, 2015, N'9780062409850', 5)
INSERT [dbo].[Books] ([BookID], [Title], [AuthorID], [PublicationYear], [ISBN], [GenreID]) VALUES (39, N'For Whom the Bell Tolls', 9, 1940, N'9780684803357', 9)
INSERT [dbo].[Books] ([BookID], [Title], [AuthorID], [PublicationYear], [ISBN], [GenreID]) VALUES (40, N'Romeo and Juliet', 10, 1597, N'9780486275574', 5)
INSERT [dbo].[Books] ([BookID], [Title], [AuthorID], [PublicationYear], [ISBN], [GenreID]) VALUES (41, N'A Tale of Two Cities', 11, 1859, N'9780141439600', 7)
INSERT [dbo].[Books] ([BookID], [Title], [AuthorID], [PublicationYear], [ISBN], [GenreID]) VALUES (42, N'Tender Is the Night', 12, 1934, N'9780684801544', 5)
INSERT [dbo].[Books] ([BookID], [Title], [AuthorID], [PublicationYear], [ISBN], [GenreID]) VALUES (43, N'Love in the Time of Cholera', 13, 1985, N'9780307389732', 5)
INSERT [dbo].[Books] ([BookID], [Title], [AuthorID], [PublicationYear], [ISBN], [GenreID]) VALUES (44, N'Song of Solomon', 14, 1977, N'9781400033423', 5)
INSERT [dbo].[Books] ([BookID], [Title], [AuthorID], [PublicationYear], [ISBN], [GenreID]) VALUES (45, N'Anna Karenina', 15, 1877, N'9780143035008', 6)
INSERT [dbo].[Books] ([BookID], [Title], [AuthorID], [PublicationYear], [ISBN], [GenreID]) VALUES (46, N'Orlando', 16, 1928, N'9780156701600', 5)
INSERT [dbo].[Books] ([BookID], [Title], [AuthorID], [PublicationYear], [ISBN], [GenreID]) VALUES (47, N'East of Eden', 17, 1952, N'9780140186390', 9)
INSERT [dbo].[Books] ([BookID], [Title], [AuthorID], [PublicationYear], [ISBN], [GenreID]) VALUES (48, N'The Trial', 18, 1925, N'9780199537259', 1)
INSERT [dbo].[Books] ([BookID], [Title], [AuthorID], [PublicationYear], [ISBN], [GenreID]) VALUES (49, N'Complete Poems of Emily Dickinson', 19, 1890, N'9780316184137', 10)
INSERT [dbo].[Books] ([BookID], [Title], [AuthorID], [PublicationYear], [ISBN], [GenreID]) VALUES (50, N'The Adventures of Sherlock Holmes', 20, 1892, N'9781402714533', 3)
INSERT [dbo].[Books] ([BookID], [Title], [AuthorID], [PublicationYear], [ISBN], [GenreID]) VALUES (51, N'The Cuckoo''s Calling', 1, 2013, N'9780316206846', 3)
INSERT [dbo].[Books] ([BookID], [Title], [AuthorID], [PublicationYear], [ISBN], [GenreID]) VALUES (52, N'Carrie', 2, 1974, N'9780307743664', 8)
INSERT [dbo].[Books] ([BookID], [Title], [AuthorID], [PublicationYear], [ISBN], [GenreID]) VALUES (53, N'Northanger Abbey', 3, 1817, N'9780486414123', 5)
INSERT [dbo].[Books] ([BookID], [Title], [AuthorID], [PublicationYear], [ISBN], [GenreID]) VALUES (54, N'Keep the Aspidistra Flying', 4, 1936, N'9780156468990', 5)
INSERT [dbo].[Books] ([BookID], [Title], [AuthorID], [PublicationYear], [ISBN], [GenreID]) VALUES (55, N'The Murder of Roger Ackroyd', 5, 1926, N'9780062073563', 3)
INSERT [dbo].[Books] ([BookID], [Title], [AuthorID], [PublicationYear], [ISBN], [GenreID]) VALUES (56, N'The Prince and the Pauper', 6, 1881, N'9780486411108', 9)
INSERT [dbo].[Books] ([BookID], [Title], [AuthorID], [PublicationYear], [ISBN], [GenreID]) VALUES (57, N'The Two Towers', 7, 1954, N'9780345339713', 2)
INSERT [dbo].[Books] ([BookID], [Title], [AuthorID], [PublicationYear], [ISBN], [GenreID]) VALUES (58, N'To Kill a Mockingbird', 8, 1960, N'9780061120084', 5)
INSERT [dbo].[Books] ([BookID], [Title], [AuthorID], [PublicationYear], [ISBN], [GenreID]) VALUES (59, N'A Farewell to Arms', 9, 1929, N'9780684801469', 9)
INSERT [dbo].[Books] ([BookID], [Title], [AuthorID], [PublicationYear], [ISBN], [GenreID]) VALUES (60, N'King Lear', 10, 1606, N'9780743477123', 7)
INSERT [dbo].[Books] ([BookID], [Title], [AuthorID], [PublicationYear], [ISBN], [GenreID]) VALUES (61, N'Bleak House', 11, 1852, N'9780141439723', 7)
INSERT [dbo].[Books] ([BookID], [Title], [AuthorID], [PublicationYear], [ISBN], [GenreID]) VALUES (62, N'This Side of Paradise', 12, 1920, N'9780671510524', 5)
INSERT [dbo].[Books] ([BookID], [Title], [AuthorID], [PublicationYear], [ISBN], [GenreID]) VALUES (63, N'Chronicle of a Death Foretold', 13, 1981, N'9781400034710', 5)
INSERT [dbo].[Books] ([BookID], [Title], [AuthorID], [PublicationYear], [ISBN], [GenreID]) VALUES (64, N'Sula', 14, 1973, N'9781400033430', 5)
INSERT [dbo].[Books] ([BookID], [Title], [AuthorID], [PublicationYear], [ISBN], [GenreID]) VALUES (65, N'War and Peace', 15, 1869, N'9780199232765', 6)
INSERT [dbo].[Books] ([BookID], [Title], [AuthorID], [PublicationYear], [ISBN], [GenreID]) VALUES (66, N'To the Lighthouse', 16, 1927, N'9780156907392', 5)
INSERT [dbo].[Books] ([BookID], [Title], [AuthorID], [PublicationYear], [ISBN], [GenreID]) VALUES (67, N'Travels with Charley', 17, 1962, N'9780142000700', 9)
INSERT [dbo].[Books] ([BookID], [Title], [AuthorID], [PublicationYear], [ISBN], [GenreID]) VALUES (68, N'The Castle', 18, 1926, N'9780192834274', 1)
INSERT [dbo].[Books] ([BookID], [Title], [AuthorID], [PublicationYear], [ISBN], [GenreID]) VALUES (69, N'Collected Poems of Emily Dickinson', 19, 1993, N'9781840224023', 10)
INSERT [dbo].[Books] ([BookID], [Title], [AuthorID], [PublicationYear], [ISBN], [GenreID]) VALUES (70, N'The Memoirs of Sherlock Holmes', 20, 1894, N'9780140437508', 3)
INSERT [dbo].[Books] ([BookID], [Title], [AuthorID], [PublicationYear], [ISBN], [GenreID]) VALUES (71, N'Lethal White', 1, 2018, N'9780316422741', 3)
INSERT [dbo].[Books] ([BookID], [Title], [AuthorID], [PublicationYear], [ISBN], [GenreID]) VALUES (72, N'The Stand', 2, 1978, N'9780307743688', 8)
INSERT [dbo].[Books] ([BookID], [Title], [AuthorID], [PublicationYear], [ISBN], [GenreID]) VALUES (73, N'Persuasion', 3, 1817, N'9780486295559', 5)
INSERT [dbo].[Books] ([BookID], [Title], [AuthorID], [PublicationYear], [ISBN], [GenreID]) VALUES (74, N'Coming Up for Air', 4, 1939, N'9780141185699', 5)
INSERT [dbo].[Books] ([BookID], [Title], [AuthorID], [PublicationYear], [ISBN], [GenreID]) VALUES (75, N'And Then There Were None', 5, 1939, N'9780062073488', 3)
INSERT [dbo].[Books] ([BookID], [Title], [AuthorID], [PublicationYear], [ISBN], [GenreID]) VALUES (76, N'Adventures of Tom Sawyer', 6, 1876, N'9781420009051', 9)
INSERT [dbo].[Books] ([BookID], [Title], [AuthorID], [PublicationYear], [ISBN], [GenreID]) VALUES (77, N'The Return of the King', 7, 1955, N'9780618346976', 2)
INSERT [dbo].[Books] ([BookID], [Title], [AuthorID], [PublicationYear], [ISBN], [GenreID]) VALUES (78, N'Go Set a Watchman', 8, 2015, N'9780062409850', 5)
INSERT [dbo].[Books] ([BookID], [Title], [AuthorID], [PublicationYear], [ISBN], [GenreID]) VALUES (79, N'A Moveable Feast', 9, 1964, N'9780684824994', 9)
INSERT [dbo].[Books] ([BookID], [Title], [AuthorID], [PublicationYear], [ISBN], [GenreID]) VALUES (80, N'The Tempest', 10, 1610, N'9780743482837', 7)
INSERT [dbo].[Books] ([BookID], [Title], [AuthorID], [PublicationYear], [ISBN], [GenreID]) VALUES (81, N'Oliver Twist', 11, 1837, N'9780141439747', 7)
INSERT [dbo].[Books] ([BookID], [Title], [AuthorID], [PublicationYear], [ISBN], [GenreID]) VALUES (82, N'The Beautiful and Damned', 12, 1922, N'9780684801520', 5)
INSERT [dbo].[Books] ([BookID], [Title], [AuthorID], [PublicationYear], [ISBN], [GenreID]) VALUES (83, N'Love in the Time of Cholera', 13, 1985, N'9780307389732', 5)
INSERT [dbo].[Books] ([BookID], [Title], [AuthorID], [PublicationYear], [ISBN], [GenreID]) VALUES (84, N'Jazz', 14, 1992, N'9780452279537', 5)
INSERT [dbo].[Books] ([BookID], [Title], [AuthorID], [PublicationYear], [ISBN], [GenreID]) VALUES (85, N'Anna Karenina', 15, 1877, N'9780143035008', 6)
INSERT [dbo].[Books] ([BookID], [Title], [AuthorID], [PublicationYear], [ISBN], [GenreID]) VALUES (86, N'Orlando', 16, 1928, N'9780156701600', 5)
INSERT [dbo].[Books] ([BookID], [Title], [AuthorID], [PublicationYear], [ISBN], [GenreID]) VALUES (87, N'The Winter of Our Discontent', 17, 1961, N'9780143039488', 9)
INSERT [dbo].[Books] ([BookID], [Title], [AuthorID], [PublicationYear], [ISBN], [GenreID]) VALUES (88, N'The Trial', 18, 1925, N'9780199537259', 1)
INSERT [dbo].[Books] ([BookID], [Title], [AuthorID], [PublicationYear], [ISBN], [GenreID]) VALUES (89, N'The Poems of Emily Dickinson', 19, 1955, N'9780674739510', 10)
INSERT [dbo].[Books] ([BookID], [Title], [AuthorID], [PublicationYear], [ISBN], [GenreID]) VALUES (90, N'The Return of Sherlock Holmes', 20, 1905, N'9780486413077', 3)
INSERT [dbo].[Books] ([BookID], [Title], [AuthorID], [PublicationYear], [ISBN], [GenreID]) VALUES (91, N'Troubled Blood', 1, 2020, N'9780316498937', 3)
INSERT [dbo].[Books] ([BookID], [Title], [AuthorID], [PublicationYear], [ISBN], [GenreID]) VALUES (92, N'Pet Sematary', 2, 1983, N'9781982115989', 8)
INSERT [dbo].[Books] ([BookID], [Title], [AuthorID], [PublicationYear], [ISBN], [GenreID]) VALUES (93, N'Mansfield Park', 3, 1814, N'9780486820993', 5)
INSERT [dbo].[Books] ([BookID], [Title], [AuthorID], [PublicationYear], [ISBN], [GenreID]) VALUES (94, N'Burmese Days', 4, 1934, N'9780141185378', 5)
INSERT [dbo].[Books] ([BookID], [Title], [AuthorID], [PublicationYear], [ISBN], [GenreID]) VALUES (95, N'The Murder of Roger Ackroyd', 5, 1926, N'9780062073563', 3)
INSERT [dbo].[Books] ([BookID], [Title], [AuthorID], [PublicationYear], [ISBN], [GenreID]) VALUES (96, N'Adventures of Huckleberry Finn', 6, 1884, N'9780486280615', 9)
INSERT [dbo].[Books] ([BookID], [Title], [AuthorID], [PublicationYear], [ISBN], [GenreID]) VALUES (97, N'The Hobbit', 7, 1937, N'9780345339683', 2)
INSERT [dbo].[Books] ([BookID], [Title], [AuthorID], [PublicationYear], [ISBN], [GenreID]) VALUES (98, N'To Kill a Mockingbird', 8, 1960, N'9780061120084', 5)
INSERT [dbo].[Books] ([BookID], [Title], [AuthorID], [PublicationYear], [ISBN], [GenreID]) VALUES (99, N'The Old Man and the Sea', 9, 1952, N'9780684801223', 9)
INSERT [dbo].[Books] ([BookID], [Title], [AuthorID], [PublicationYear], [ISBN], [GenreID]) VALUES (100, N'Othello', 10, 1603, N'9780743477123', 7)
INSERT [dbo].[Books] ([BookID], [Title], [AuthorID], [PublicationYear], [ISBN], [GenreID]) VALUES (101, N'A Christmas Carol', 11, 1843, N'9780141439747', 7)
INSERT [dbo].[Books] ([BookID], [Title], [AuthorID], [PublicationYear], [ISBN], [GenreID]) VALUES (102, N'Tender Is the Night', 12, 1934, N'9780684801544', 5)
INSERT [dbo].[Books] ([BookID], [Title], [AuthorID], [PublicationYear], [ISBN], [GenreID]) VALUES (103, N'Love in the Time of Cholera', 13, 1985, N'9780307389732', 5)
INSERT [dbo].[Books] ([BookID], [Title], [AuthorID], [PublicationYear], [ISBN], [GenreID]) VALUES (104, N'Beloved 2', 14, 1989, N'9780452280627', 5)
INSERT [dbo].[Books] ([BookID], [Title], [AuthorID], [PublicationYear], [ISBN], [GenreID]) VALUES (105, N'War and Peace', 15, 1869, N'9780199232765', 6)
GO
INSERT [dbo].[Books] ([BookID], [Title], [AuthorID], [PublicationYear], [ISBN], [GenreID]) VALUES (106, N'Mrs. Dalloway', 16, 1925, N'9780156628709', 5)
INSERT [dbo].[Books] ([BookID], [Title], [AuthorID], [PublicationYear], [ISBN], [GenreID]) VALUES (107, N'Of Mice and Men', 17, 1937, N'9780140177398', 9)
INSERT [dbo].[Books] ([BookID], [Title], [AuthorID], [PublicationYear], [ISBN], [GenreID]) VALUES (108, N'The Metamorphosis', 18, 1915, N'9781503274087', 1)
INSERT [dbo].[Books] ([BookID], [Title], [AuthorID], [PublicationYear], [ISBN], [GenreID]) VALUES (109, N'The Complete Poems of Emily Dickinson', 19, 1976, N'9780316184137', 10)
INSERT [dbo].[Books] ([BookID], [Title], [AuthorID], [PublicationYear], [ISBN], [GenreID]) VALUES (110, N'The Adventures of Sherlock Holmes', 20, 1892, N'9781402714533', 3)
GO
INSERT [dbo].[BookCopies] ([CopyID], [BookID]) VALUES (1, 33)
INSERT [dbo].[BookCopies] ([CopyID], [BookID]) VALUES (2, 77)
INSERT [dbo].[BookCopies] ([CopyID], [BookID]) VALUES (3, 94)
INSERT [dbo].[BookCopies] ([CopyID], [BookID]) VALUES (4, 94)
INSERT [dbo].[BookCopies] ([CopyID], [BookID]) VALUES (5, 106)
INSERT [dbo].[BookCopies] ([CopyID], [BookID]) VALUES (7, 68)
INSERT [dbo].[BookCopies] ([CopyID], [BookID]) VALUES (8, 92)
INSERT [dbo].[BookCopies] ([CopyID], [BookID]) VALUES (9, 20)
INSERT [dbo].[BookCopies] ([CopyID], [BookID]) VALUES (10, 103)
INSERT [dbo].[BookCopies] ([CopyID], [BookID]) VALUES (11, 60)
INSERT [dbo].[BookCopies] ([CopyID], [BookID]) VALUES (13, 72)
INSERT [dbo].[BookCopies] ([CopyID], [BookID]) VALUES (14, 47)
INSERT [dbo].[BookCopies] ([CopyID], [BookID]) VALUES (15, 32)
INSERT [dbo].[BookCopies] ([CopyID], [BookID]) VALUES (16, 2)
INSERT [dbo].[BookCopies] ([CopyID], [BookID]) VALUES (17, 69)
INSERT [dbo].[BookCopies] ([CopyID], [BookID]) VALUES (18, 39)
INSERT [dbo].[BookCopies] ([CopyID], [BookID]) VALUES (19, 45)
INSERT [dbo].[BookCopies] ([CopyID], [BookID]) VALUES (20, 72)
INSERT [dbo].[BookCopies] ([CopyID], [BookID]) VALUES (21, 55)
INSERT [dbo].[BookCopies] ([CopyID], [BookID]) VALUES (22, 19)
INSERT [dbo].[BookCopies] ([CopyID], [BookID]) VALUES (24, 101)
INSERT [dbo].[BookCopies] ([CopyID], [BookID]) VALUES (25, 40)
INSERT [dbo].[BookCopies] ([CopyID], [BookID]) VALUES (26, 55)
INSERT [dbo].[BookCopies] ([CopyID], [BookID]) VALUES (27, 53)
INSERT [dbo].[BookCopies] ([CopyID], [BookID]) VALUES (28, 93)
INSERT [dbo].[BookCopies] ([CopyID], [BookID]) VALUES (29, 13)
INSERT [dbo].[BookCopies] ([CopyID], [BookID]) VALUES (30, 64)
INSERT [dbo].[BookCopies] ([CopyID], [BookID]) VALUES (31, 54)
INSERT [dbo].[BookCopies] ([CopyID], [BookID]) VALUES (32, 82)
INSERT [dbo].[BookCopies] ([CopyID], [BookID]) VALUES (33, 3)
INSERT [dbo].[BookCopies] ([CopyID], [BookID]) VALUES (34, 19)
INSERT [dbo].[BookCopies] ([CopyID], [BookID]) VALUES (35, 56)
INSERT [dbo].[BookCopies] ([CopyID], [BookID]) VALUES (36, 21)
INSERT [dbo].[BookCopies] ([CopyID], [BookID]) VALUES (37, 31)
INSERT [dbo].[BookCopies] ([CopyID], [BookID]) VALUES (38, 39)
INSERT [dbo].[BookCopies] ([CopyID], [BookID]) VALUES (39, 84)
INSERT [dbo].[BookCopies] ([CopyID], [BookID]) VALUES (40, 74)
INSERT [dbo].[BookCopies] ([CopyID], [BookID]) VALUES (41, 87)
INSERT [dbo].[BookCopies] ([CopyID], [BookID]) VALUES (42, 84)
INSERT [dbo].[BookCopies] ([CopyID], [BookID]) VALUES (43, 107)
INSERT [dbo].[BookCopies] ([CopyID], [BookID]) VALUES (44, 70)
INSERT [dbo].[BookCopies] ([CopyID], [BookID]) VALUES (45, 89)
INSERT [dbo].[BookCopies] ([CopyID], [BookID]) VALUES (46, 82)
INSERT [dbo].[BookCopies] ([CopyID], [BookID]) VALUES (47, 14)
INSERT [dbo].[BookCopies] ([CopyID], [BookID]) VALUES (48, 82)
INSERT [dbo].[BookCopies] ([CopyID], [BookID]) VALUES (49, 87)
INSERT [dbo].[BookCopies] ([CopyID], [BookID]) VALUES (50, 45)
INSERT [dbo].[BookCopies] ([CopyID], [BookID]) VALUES (51, 66)
INSERT [dbo].[BookCopies] ([CopyID], [BookID]) VALUES (52, 91)
INSERT [dbo].[BookCopies] ([CopyID], [BookID]) VALUES (53, 96)
INSERT [dbo].[BookCopies] ([CopyID], [BookID]) VALUES (54, 49)
INSERT [dbo].[BookCopies] ([CopyID], [BookID]) VALUES (56, 68)
INSERT [dbo].[BookCopies] ([CopyID], [BookID]) VALUES (57, 16)
INSERT [dbo].[BookCopies] ([CopyID], [BookID]) VALUES (58, 104)
INSERT [dbo].[BookCopies] ([CopyID], [BookID]) VALUES (59, 109)
INSERT [dbo].[BookCopies] ([CopyID], [BookID]) VALUES (60, 109)
INSERT [dbo].[BookCopies] ([CopyID], [BookID]) VALUES (61, 7)
INSERT [dbo].[BookCopies] ([CopyID], [BookID]) VALUES (62, 106)
INSERT [dbo].[BookCopies] ([CopyID], [BookID]) VALUES (63, 25)
INSERT [dbo].[BookCopies] ([CopyID], [BookID]) VALUES (64, 66)
INSERT [dbo].[BookCopies] ([CopyID], [BookID]) VALUES (65, 8)
INSERT [dbo].[BookCopies] ([CopyID], [BookID]) VALUES (66, 44)
INSERT [dbo].[BookCopies] ([CopyID], [BookID]) VALUES (67, 58)
INSERT [dbo].[BookCopies] ([CopyID], [BookID]) VALUES (68, 17)
INSERT [dbo].[BookCopies] ([CopyID], [BookID]) VALUES (69, 6)
INSERT [dbo].[BookCopies] ([CopyID], [BookID]) VALUES (70, 6)
INSERT [dbo].[BookCopies] ([CopyID], [BookID]) VALUES (71, 16)
INSERT [dbo].[BookCopies] ([CopyID], [BookID]) VALUES (72, 86)
INSERT [dbo].[BookCopies] ([CopyID], [BookID]) VALUES (73, 17)
INSERT [dbo].[BookCopies] ([CopyID], [BookID]) VALUES (74, 73)
INSERT [dbo].[BookCopies] ([CopyID], [BookID]) VALUES (75, 9)
INSERT [dbo].[BookCopies] ([CopyID], [BookID]) VALUES (76, 53)
INSERT [dbo].[BookCopies] ([CopyID], [BookID]) VALUES (77, 68)
INSERT [dbo].[BookCopies] ([CopyID], [BookID]) VALUES (78, 14)
INSERT [dbo].[BookCopies] ([CopyID], [BookID]) VALUES (79, 54)
INSERT [dbo].[BookCopies] ([CopyID], [BookID]) VALUES (80, 66)
INSERT [dbo].[BookCopies] ([CopyID], [BookID]) VALUES (81, 77)
INSERT [dbo].[BookCopies] ([CopyID], [BookID]) VALUES (82, 60)
INSERT [dbo].[BookCopies] ([CopyID], [BookID]) VALUES (83, 108)
INSERT [dbo].[BookCopies] ([CopyID], [BookID]) VALUES (84, 20)
INSERT [dbo].[BookCopies] ([CopyID], [BookID]) VALUES (85, 4)
INSERT [dbo].[BookCopies] ([CopyID], [BookID]) VALUES (86, 7)
INSERT [dbo].[BookCopies] ([CopyID], [BookID]) VALUES (87, 90)
INSERT [dbo].[BookCopies] ([CopyID], [BookID]) VALUES (88, 75)
INSERT [dbo].[BookCopies] ([CopyID], [BookID]) VALUES (89, 98)
INSERT [dbo].[BookCopies] ([CopyID], [BookID]) VALUES (90, 89)
INSERT [dbo].[BookCopies] ([CopyID], [BookID]) VALUES (91, 56)
INSERT [dbo].[BookCopies] ([CopyID], [BookID]) VALUES (92, 51)
INSERT [dbo].[BookCopies] ([CopyID], [BookID]) VALUES (93, 32)
INSERT [dbo].[BookCopies] ([CopyID], [BookID]) VALUES (94, 88)
INSERT [dbo].[BookCopies] ([CopyID], [BookID]) VALUES (95, 31)
INSERT [dbo].[BookCopies] ([CopyID], [BookID]) VALUES (96, 98)
INSERT [dbo].[BookCopies] ([CopyID], [BookID]) VALUES (97, 12)
INSERT [dbo].[BookCopies] ([CopyID], [BookID]) VALUES (98, 9)
INSERT [dbo].[BookCopies] ([CopyID], [BookID]) VALUES (99, 39)
INSERT [dbo].[BookCopies] ([CopyID], [BookID]) VALUES (100, 88)
INSERT [dbo].[BookCopies] ([CopyID], [BookID]) VALUES (102, 33)
INSERT [dbo].[BookCopies] ([CopyID], [BookID]) VALUES (103, 104)
INSERT [dbo].[BookCopies] ([CopyID], [BookID]) VALUES (104, 73)
INSERT [dbo].[BookCopies] ([CopyID], [BookID]) VALUES (105, 86)
GO
INSERT [dbo].[BookCopies] ([CopyID], [BookID]) VALUES (106, 9)
INSERT [dbo].[BookCopies] ([CopyID], [BookID]) VALUES (107, 93)
INSERT [dbo].[BookCopies] ([CopyID], [BookID]) VALUES (108, 75)
INSERT [dbo].[BookCopies] ([CopyID], [BookID]) VALUES (109, 33)
INSERT [dbo].[BookCopies] ([CopyID], [BookID]) VALUES (110, 102)
INSERT [dbo].[BookCopies] ([CopyID], [BookID]) VALUES (111, 90)
INSERT [dbo].[BookCopies] ([CopyID], [BookID]) VALUES (112, 19)
INSERT [dbo].[BookCopies] ([CopyID], [BookID]) VALUES (113, 33)
INSERT [dbo].[BookCopies] ([CopyID], [BookID]) VALUES (114, 21)
INSERT [dbo].[BookCopies] ([CopyID], [BookID]) VALUES (115, 13)
INSERT [dbo].[BookCopies] ([CopyID], [BookID]) VALUES (116, 47)
INSERT [dbo].[BookCopies] ([CopyID], [BookID]) VALUES (117, 108)
INSERT [dbo].[BookCopies] ([CopyID], [BookID]) VALUES (118, 63)
INSERT [dbo].[BookCopies] ([CopyID], [BookID]) VALUES (119, 19)
INSERT [dbo].[BookCopies] ([CopyID], [BookID]) VALUES (120, 5)
INSERT [dbo].[BookCopies] ([CopyID], [BookID]) VALUES (121, 89)
INSERT [dbo].[BookCopies] ([CopyID], [BookID]) VALUES (122, 82)
INSERT [dbo].[BookCopies] ([CopyID], [BookID]) VALUES (123, 78)
INSERT [dbo].[BookCopies] ([CopyID], [BookID]) VALUES (124, 83)
INSERT [dbo].[BookCopies] ([CopyID], [BookID]) VALUES (125, 20)
INSERT [dbo].[BookCopies] ([CopyID], [BookID]) VALUES (126, 72)
INSERT [dbo].[BookCopies] ([CopyID], [BookID]) VALUES (127, 97)
INSERT [dbo].[BookCopies] ([CopyID], [BookID]) VALUES (128, 94)
INSERT [dbo].[BookCopies] ([CopyID], [BookID]) VALUES (129, 46)
INSERT [dbo].[BookCopies] ([CopyID], [BookID]) VALUES (130, 11)
INSERT [dbo].[BookCopies] ([CopyID], [BookID]) VALUES (131, 59)
INSERT [dbo].[BookCopies] ([CopyID], [BookID]) VALUES (132, 82)
INSERT [dbo].[BookCopies] ([CopyID], [BookID]) VALUES (133, 19)
INSERT [dbo].[BookCopies] ([CopyID], [BookID]) VALUES (134, 74)
INSERT [dbo].[BookCopies] ([CopyID], [BookID]) VALUES (135, 99)
INSERT [dbo].[BookCopies] ([CopyID], [BookID]) VALUES (136, 101)
INSERT [dbo].[BookCopies] ([CopyID], [BookID]) VALUES (138, 65)
INSERT [dbo].[BookCopies] ([CopyID], [BookID]) VALUES (139, 104)
INSERT [dbo].[BookCopies] ([CopyID], [BookID]) VALUES (140, 44)
INSERT [dbo].[BookCopies] ([CopyID], [BookID]) VALUES (141, 35)
INSERT [dbo].[BookCopies] ([CopyID], [BookID]) VALUES (142, 91)
INSERT [dbo].[BookCopies] ([CopyID], [BookID]) VALUES (143, 61)
INSERT [dbo].[BookCopies] ([CopyID], [BookID]) VALUES (144, 68)
INSERT [dbo].[BookCopies] ([CopyID], [BookID]) VALUES (145, 45)
INSERT [dbo].[BookCopies] ([CopyID], [BookID]) VALUES (146, 76)
INSERT [dbo].[BookCopies] ([CopyID], [BookID]) VALUES (147, 104)
INSERT [dbo].[BookCopies] ([CopyID], [BookID]) VALUES (148, 59)
INSERT [dbo].[BookCopies] ([CopyID], [BookID]) VALUES (149, 109)
INSERT [dbo].[BookCopies] ([CopyID], [BookID]) VALUES (150, 109)
INSERT [dbo].[BookCopies] ([CopyID], [BookID]) VALUES (151, 108)
INSERT [dbo].[BookCopies] ([CopyID], [BookID]) VALUES (152, 14)
INSERT [dbo].[BookCopies] ([CopyID], [BookID]) VALUES (153, 104)
INSERT [dbo].[BookCopies] ([CopyID], [BookID]) VALUES (154, 45)
INSERT [dbo].[BookCopies] ([CopyID], [BookID]) VALUES (155, 57)
INSERT [dbo].[BookCopies] ([CopyID], [BookID]) VALUES (156, 85)
INSERT [dbo].[BookCopies] ([CopyID], [BookID]) VALUES (157, 86)
INSERT [dbo].[BookCopies] ([CopyID], [BookID]) VALUES (158, 51)
INSERT [dbo].[BookCopies] ([CopyID], [BookID]) VALUES (159, 38)
INSERT [dbo].[BookCopies] ([CopyID], [BookID]) VALUES (160, 66)
INSERT [dbo].[BookCopies] ([CopyID], [BookID]) VALUES (161, 13)
INSERT [dbo].[BookCopies] ([CopyID], [BookID]) VALUES (162, 97)
INSERT [dbo].[BookCopies] ([CopyID], [BookID]) VALUES (163, 96)
INSERT [dbo].[BookCopies] ([CopyID], [BookID]) VALUES (164, 51)
INSERT [dbo].[BookCopies] ([CopyID], [BookID]) VALUES (165, 87)
INSERT [dbo].[BookCopies] ([CopyID], [BookID]) VALUES (166, 90)
INSERT [dbo].[BookCopies] ([CopyID], [BookID]) VALUES (167, 47)
INSERT [dbo].[BookCopies] ([CopyID], [BookID]) VALUES (168, 65)
INSERT [dbo].[BookCopies] ([CopyID], [BookID]) VALUES (169, 38)
INSERT [dbo].[BookCopies] ([CopyID], [BookID]) VALUES (170, 67)
INSERT [dbo].[BookCopies] ([CopyID], [BookID]) VALUES (171, 93)
INSERT [dbo].[BookCopies] ([CopyID], [BookID]) VALUES (172, 33)
INSERT [dbo].[BookCopies] ([CopyID], [BookID]) VALUES (173, 76)
INSERT [dbo].[BookCopies] ([CopyID], [BookID]) VALUES (174, 69)
INSERT [dbo].[BookCopies] ([CopyID], [BookID]) VALUES (175, 107)
INSERT [dbo].[BookCopies] ([CopyID], [BookID]) VALUES (176, 53)
INSERT [dbo].[BookCopies] ([CopyID], [BookID]) VALUES (177, 81)
INSERT [dbo].[BookCopies] ([CopyID], [BookID]) VALUES (178, 65)
INSERT [dbo].[BookCopies] ([CopyID], [BookID]) VALUES (179, 37)
INSERT [dbo].[BookCopies] ([CopyID], [BookID]) VALUES (180, 48)
INSERT [dbo].[BookCopies] ([CopyID], [BookID]) VALUES (181, 1)
INSERT [dbo].[BookCopies] ([CopyID], [BookID]) VALUES (182, 95)
INSERT [dbo].[BookCopies] ([CopyID], [BookID]) VALUES (183, 89)
INSERT [dbo].[BookCopies] ([CopyID], [BookID]) VALUES (184, 43)
INSERT [dbo].[BookCopies] ([CopyID], [BookID]) VALUES (185, 38)
INSERT [dbo].[BookCopies] ([CopyID], [BookID]) VALUES (186, 7)
INSERT [dbo].[BookCopies] ([CopyID], [BookID]) VALUES (187, 68)
INSERT [dbo].[BookCopies] ([CopyID], [BookID]) VALUES (188, 83)
INSERT [dbo].[BookCopies] ([CopyID], [BookID]) VALUES (189, 70)
INSERT [dbo].[BookCopies] ([CopyID], [BookID]) VALUES (190, 16)
INSERT [dbo].[BookCopies] ([CopyID], [BookID]) VALUES (191, 75)
INSERT [dbo].[BookCopies] ([CopyID], [BookID]) VALUES (192, 56)
INSERT [dbo].[BookCopies] ([CopyID], [BookID]) VALUES (193, 22)
INSERT [dbo].[BookCopies] ([CopyID], [BookID]) VALUES (194, 84)
INSERT [dbo].[BookCopies] ([CopyID], [BookID]) VALUES (195, 54)
INSERT [dbo].[BookCopies] ([CopyID], [BookID]) VALUES (196, 18)
INSERT [dbo].[BookCopies] ([CopyID], [BookID]) VALUES (197, 52)
INSERT [dbo].[BookCopies] ([CopyID], [BookID]) VALUES (199, 74)
GO
INSERT [dbo].[Members] ([MemberID], [MemberName], [Address], [Email], [Sex], [BirthDate]) VALUES (1, N'John Doe', N'123 Main St, Anytown, USA', N'john.doe@example.com', N'Male', CAST(N'1980-05-15' AS Date))
INSERT [dbo].[Members] ([MemberID], [MemberName], [Address], [Email], [Sex], [BirthDate]) VALUES (2, N'Jane Smith', N'456 Elm St, Somewhere, USA', N'jane.smith@example.com', N'Female', CAST(N'1975-08-22' AS Date))
INSERT [dbo].[Members] ([MemberID], [MemberName], [Address], [Email], [Sex], [BirthDate]) VALUES (3, N'Michael Johnson', N'789 Oak St, Nowhere, USA', N'michael.johnson@example.com', N'Male', CAST(N'1990-03-10' AS Date))
INSERT [dbo].[Members] ([MemberID], [MemberName], [Address], [Email], [Sex], [BirthDate]) VALUES (4, N'Emily Williams', N'101 Pine St, Anywhere, USA', N'emily.williams@example.com', N'Female', CAST(N'1988-11-25' AS Date))
INSERT [dbo].[Members] ([MemberID], [MemberName], [Address], [Email], [Sex], [BirthDate]) VALUES (5, N'Christopher Brown', N'222 Maple St, Everywhere, USA', N'christopher.brown@example.com', N'Male', CAST(N'1983-09-05' AS Date))
INSERT [dbo].[Members] ([MemberID], [MemberName], [Address], [Email], [Sex], [BirthDate]) VALUES (6, N'Amanda Jones', N'333 Cedar St, Somewhere Else, USA', N'amanda.jones@example.com', N'Female', CAST(N'1992-06-17' AS Date))
INSERT [dbo].[Members] ([MemberID], [MemberName], [Address], [Email], [Sex], [BirthDate]) VALUES (7, N'Matthew Davis', N'444 Walnut St, Anyplace, USA', N'matthew.davis@example.com', N'Male', CAST(N'1978-04-30' AS Date))
INSERT [dbo].[Members] ([MemberID], [MemberName], [Address], [Email], [Sex], [BirthDate]) VALUES (8, N'Jessica Miller', N'555 Birch St, Noway, USA', N'jessica.miller@example.com', N'Female', CAST(N'1985-02-14' AS Date))
INSERT [dbo].[Members] ([MemberID], [MemberName], [Address], [Email], [Sex], [BirthDate]) VALUES (9, N'David Wilson', N'666 Spruce St, Everywhere, USA', N'david.wilson@example.com', N'Male', CAST(N'1995-07-03' AS Date))
INSERT [dbo].[Members] ([MemberID], [MemberName], [Address], [Email], [Sex], [BirthDate]) VALUES (10, N'Sarah Moore', N'777 Oak St, Nowhere, USA', N'sarah.moore@example.com', N'Female', CAST(N'1998-10-20' AS Date))
INSERT [dbo].[Members] ([MemberID], [MemberName], [Address], [Email], [Sex], [BirthDate]) VALUES (11, N'William Taylor', N'888 Cedar St, Anytown, USA', N'william.taylor@example.com', N'Male', CAST(N'1982-12-08' AS Date))
INSERT [dbo].[Members] ([MemberID], [MemberName], [Address], [Email], [Sex], [BirthDate]) VALUES (12, N'Elizabeth Anderson', N'999 Pine St, Somewhere, USA', N'elizabeth.anderson@example.com', N'Female', CAST(N'1973-06-29' AS Date))
INSERT [dbo].[Members] ([MemberID], [MemberName], [Address], [Email], [Sex], [BirthDate]) VALUES (13, N'Daniel Thomas', N'111 Maple St, Nowhere, USA', N'daniel.thomas@example.com', N'Male', CAST(N'1991-04-18' AS Date))
INSERT [dbo].[Members] ([MemberID], [MemberName], [Address], [Email], [Sex], [BirthDate]) VALUES (14, N'Laura Jackson', N'222 Elm St, Anywhere, USA', N'laura.jackson@example.com', N'Female', CAST(N'1986-09-12' AS Date))
INSERT [dbo].[Members] ([MemberID], [MemberName], [Address], [Email], [Sex], [BirthDate]) VALUES (15, N'James White', N'333 Oak St, Somewhere, USA', N'james.white@example.com', N'Male', CAST(N'1989-01-07' AS Date))
INSERT [dbo].[Members] ([MemberID], [MemberName], [Address], [Email], [Sex], [BirthDate]) VALUES (16, N'Olivia Harris', N'444 Pine St, Everywhere, USA', N'olivia.harris@example.com', N'Female', CAST(N'1984-07-23' AS Date))
INSERT [dbo].[Members] ([MemberID], [MemberName], [Address], [Email], [Sex], [BirthDate]) VALUES (17, N'Joseph Martin', N'555 Cedar St, Anyplace, USA', N'joseph.martin@example.com', N'Male', CAST(N'1977-11-14' AS Date))
INSERT [dbo].[Members] ([MemberID], [MemberName], [Address], [Email], [Sex], [BirthDate]) VALUES (18, N'Sophia Thompson', N'666 Elm St, Noway, USA', N'sophia.thompson@example.com', N'Female', CAST(N'1993-03-26' AS Date))
INSERT [dbo].[Members] ([MemberID], [MemberName], [Address], [Email], [Sex], [BirthDate]) VALUES (19, N'Benjamin Garcia', N'777 Birch St, Everywhere, USA', N'benjamin.garcia@example.com', N'Male', CAST(N'1996-08-18' AS Date))
INSERT [dbo].[Members] ([MemberID], [MemberName], [Address], [Email], [Sex], [BirthDate]) VALUES (20, N'Isabella Martinez', N'888 Walnut St, Nowhere, USA', N'isabella.martinez@example.com', N'Female', CAST(N'1981-05-19' AS Date))
INSERT [dbo].[Members] ([MemberID], [MemberName], [Address], [Email], [Sex], [BirthDate]) VALUES (21, N'Noah Hernandez', N'999 Spruce St, Anytown, USA', N'noah.hernandez@example.com', N'Male', CAST(N'1987-09-11' AS Date))
INSERT [dbo].[Members] ([MemberID], [MemberName], [Address], [Email], [Sex], [BirthDate]) VALUES (22, N'Emma Lopez', N'123 Oak St, Somewhere, USA', N'emma.lopez@example.com', N'Female', CAST(N'1974-12-31' AS Date))
INSERT [dbo].[Members] ([MemberID], [MemberName], [Address], [Email], [Sex], [BirthDate]) VALUES (23, N'Liam Gonzalez', N'456 Pine St, Nowhere, USA', N'liam.gonzalez@example.com', N'Male', CAST(N'1990-02-28' AS Date))
INSERT [dbo].[Members] ([MemberID], [MemberName], [Address], [Email], [Sex], [BirthDate]) VALUES (24, N'Olivia Wilson', N'789 Cedar St, Anywhere, USA', N'olivia.wilson@example.com', N'Female', CAST(N'1983-06-14' AS Date))
INSERT [dbo].[Members] ([MemberID], [MemberName], [Address], [Email], [Sex], [BirthDate]) VALUES (25, N'Mason Perez', N'101 Elm St, Everywhere, USA', N'mason.perez@example.com', N'Male', CAST(N'1996-04-05' AS Date))
INSERT [dbo].[Members] ([MemberID], [MemberName], [Address], [Email], [Sex], [BirthDate]) VALUES (26, N'Sophia Roberts', N'222 Walnut St, Somewhere Else, USA', N'sophia.roberts@example.com', N'Female', CAST(N'1985-08-22' AS Date))
INSERT [dbo].[Members] ([MemberID], [MemberName], [Address], [Email], [Sex], [BirthDate]) VALUES (27, N'Ethan Jenkins', N'333 Birch St, Anyplace, USA', N'ethan.jenkins@example.com', N'Male', CAST(N'1979-11-03' AS Date))
INSERT [dbo].[Members] ([MemberID], [MemberName], [Address], [Email], [Sex], [BirthDate]) VALUES (28, N'Ava Lee', N'444 Spruce St, Noway, USA', N'ava.lee@example.com', N'Female', CAST(N'1992-02-17' AS Date))
INSERT [dbo].[Members] ([MemberID], [MemberName], [Address], [Email], [Sex], [BirthDate]) VALUES (29, N'Logan Turner', N'555 Oak St, Everywhere, USA', N'logan.turner@example.com', N'Male', CAST(N'1986-07-09' AS Date))
INSERT [dbo].[Members] ([MemberID], [MemberName], [Address], [Email], [Sex], [BirthDate]) VALUES (30, N'Chloe Parker', N'666 Pine St, Nowhere, USA', N'chloe.parker@example.com', N'Female', CAST(N'1981-09-24' AS Date))
INSERT [dbo].[Members] ([MemberID], [MemberName], [Address], [Email], [Sex], [BirthDate]) VALUES (31, N'Liam Garcia', N'777 Cedar St, Anytown, USA', N'liam.garcia@example.com', N'Male', CAST(N'1994-03-18' AS Date))
INSERT [dbo].[Members] ([MemberID], [MemberName], [Address], [Email], [Sex], [BirthDate]) VALUES (32, N'Avery Scott', N'888 Elm St, Somewhere, USA', N'avery.scott@example.com', N'Female', CAST(N'1975-10-10' AS Date))
INSERT [dbo].[Members] ([MemberID], [MemberName], [Address], [Email], [Sex], [BirthDate]) VALUES (33, N'Harper Clark', N'999 Walnut St, Nowhere, USA', N'harper.clark@example.com', N'Male', CAST(N'1988-12-04' AS Date))
INSERT [dbo].[Members] ([MemberID], [MemberName], [Address], [Email], [Sex], [BirthDate]) VALUES (34, N'Ella Adams', N'123 Birch St, Everywhere, USA', N'ella.adams@example.com', N'Female', CAST(N'1993-05-27' AS Date))
INSERT [dbo].[Members] ([MemberID], [MemberName], [Address], [Email], [Sex], [BirthDate]) VALUES (35, N'Grayson Baker', N'456 Oak St, Anyplace, USA', N'grayson.baker@example.com', N'Male', CAST(N'1980-08-14' AS Date))
INSERT [dbo].[Members] ([MemberID], [MemberName], [Address], [Email], [Sex], [BirthDate]) VALUES (36, N'Aria Gonzalez', N'789 Pine St, Anytown, USA', N'aria.gonzalez@example.com', N'Female', CAST(N'1985-02-08' AS Date))
INSERT [dbo].[Members] ([MemberID], [MemberName], [Address], [Email], [Sex], [BirthDate]) VALUES (37, N'Jack Taylor', N'101 Cedar St, Somewhere, USA', N'jack.taylor@example.com', N'Male', CAST(N'1992-07-31' AS Date))
INSERT [dbo].[Members] ([MemberID], [MemberName], [Address], [Email], [Sex], [BirthDate]) VALUES (38, N'Scarlett Wright', N'222 Elm St, Everywhere, USA', N'scarlett.wright@example.com', N'Female', CAST(N'1976-11-23' AS Date))
INSERT [dbo].[Members] ([MemberID], [MemberName], [Address], [Email], [Sex], [BirthDate]) VALUES (39, N'William Martinez', N'333 Walnut St, Noway, USA', N'william.martinez@example.com', N'Male', CAST(N'1983-04-17' AS Date))
INSERT [dbo].[Members] ([MemberID], [MemberName], [Address], [Email], [Sex], [BirthDate]) VALUES (40, N'Madison Lee', N'444 Spruce St, Anytown, USA', N'madison.lee@example.com', N'Female', CAST(N'1990-09-09' AS Date))
GO
INSERT [dbo].[Loans] ([LoanID], [MemberID], [LoanDate], [DueDate]) VALUES (1, 8, CAST(N'2016-11-16' AS Date), CAST(N'2016-12-06' AS Date))
INSERT [dbo].[Loans] ([LoanID], [MemberID], [LoanDate], [DueDate]) VALUES (2, 7, CAST(N'2023-07-27' AS Date), CAST(N'2023-08-16' AS Date))
INSERT [dbo].[Loans] ([LoanID], [MemberID], [LoanDate], [DueDate]) VALUES (3, 20, CAST(N'2016-11-05' AS Date), CAST(N'2016-11-25' AS Date))
INSERT [dbo].[Loans] ([LoanID], [MemberID], [LoanDate], [DueDate]) VALUES (5, 22, CAST(N'2022-10-24' AS Date), CAST(N'2022-11-13' AS Date))
INSERT [dbo].[Loans] ([LoanID], [MemberID], [LoanDate], [DueDate]) VALUES (6, 21, CAST(N'2016-06-14' AS Date), CAST(N'2016-07-04' AS Date))
INSERT [dbo].[Loans] ([LoanID], [MemberID], [LoanDate], [DueDate]) VALUES (8, 22, CAST(N'2022-01-17' AS Date), CAST(N'2022-02-06' AS Date))
INSERT [dbo].[Loans] ([LoanID], [MemberID], [LoanDate], [DueDate]) VALUES (9, 3, CAST(N'2015-11-04' AS Date), CAST(N'2015-11-24' AS Date))
INSERT [dbo].[Loans] ([LoanID], [MemberID], [LoanDate], [DueDate]) VALUES (10, 1, CAST(N'2018-05-07' AS Date), CAST(N'2018-05-27' AS Date))
INSERT [dbo].[Loans] ([LoanID], [MemberID], [LoanDate], [DueDate]) VALUES (11, 3, CAST(N'2023-06-26' AS Date), CAST(N'2023-07-16' AS Date))
INSERT [dbo].[Loans] ([LoanID], [MemberID], [LoanDate], [DueDate]) VALUES (12, 18, CAST(N'2018-03-05' AS Date), CAST(N'2018-03-25' AS Date))
INSERT [dbo].[Loans] ([LoanID], [MemberID], [LoanDate], [DueDate]) VALUES (13, 1, CAST(N'2018-08-29' AS Date), CAST(N'2018-09-18' AS Date))
INSERT [dbo].[Loans] ([LoanID], [MemberID], [LoanDate], [DueDate]) VALUES (14, 11, CAST(N'2017-09-30' AS Date), CAST(N'2017-10-20' AS Date))
INSERT [dbo].[Loans] ([LoanID], [MemberID], [LoanDate], [DueDate]) VALUES (15, 6, CAST(N'2016-10-31' AS Date), CAST(N'2016-11-20' AS Date))
INSERT [dbo].[Loans] ([LoanID], [MemberID], [LoanDate], [DueDate]) VALUES (16, 5, CAST(N'2023-02-14' AS Date), CAST(N'2023-03-06' AS Date))
INSERT [dbo].[Loans] ([LoanID], [MemberID], [LoanDate], [DueDate]) VALUES (17, 18, CAST(N'2022-11-20' AS Date), CAST(N'2022-12-10' AS Date))
INSERT [dbo].[Loans] ([LoanID], [MemberID], [LoanDate], [DueDate]) VALUES (18, 9, CAST(N'2019-07-11' AS Date), CAST(N'2019-07-31' AS Date))
INSERT [dbo].[Loans] ([LoanID], [MemberID], [LoanDate], [DueDate]) VALUES (19, 28, CAST(N'2020-01-22' AS Date), CAST(N'2020-02-11' AS Date))
INSERT [dbo].[Loans] ([LoanID], [MemberID], [LoanDate], [DueDate]) VALUES (20, 17, CAST(N'2022-11-26' AS Date), CAST(N'2022-12-16' AS Date))
INSERT [dbo].[Loans] ([LoanID], [MemberID], [LoanDate], [DueDate]) VALUES (21, 2, CAST(N'2023-11-28' AS Date), CAST(N'2023-12-18' AS Date))
INSERT [dbo].[Loans] ([LoanID], [MemberID], [LoanDate], [DueDate]) VALUES (22, 3, CAST(N'2020-01-24' AS Date), CAST(N'2020-02-13' AS Date))
INSERT [dbo].[Loans] ([LoanID], [MemberID], [LoanDate], [DueDate]) VALUES (23, 32, CAST(N'2017-11-10' AS Date), CAST(N'2017-11-30' AS Date))
INSERT [dbo].[Loans] ([LoanID], [MemberID], [LoanDate], [DueDate]) VALUES (24, 2, CAST(N'2022-05-08' AS Date), CAST(N'2022-05-28' AS Date))
INSERT [dbo].[Loans] ([LoanID], [MemberID], [LoanDate], [DueDate]) VALUES (26, 9, CAST(N'2022-07-12' AS Date), CAST(N'2022-08-01' AS Date))
INSERT [dbo].[Loans] ([LoanID], [MemberID], [LoanDate], [DueDate]) VALUES (27, 17, CAST(N'2018-02-08' AS Date), CAST(N'2018-02-28' AS Date))
INSERT [dbo].[Loans] ([LoanID], [MemberID], [LoanDate], [DueDate]) VALUES (29, 39, CAST(N'2016-03-12' AS Date), CAST(N'2016-04-01' AS Date))
INSERT [dbo].[Loans] ([LoanID], [MemberID], [LoanDate], [DueDate]) VALUES (30, 14, CAST(N'2017-02-28' AS Date), CAST(N'2017-03-20' AS Date))
INSERT [dbo].[Loans] ([LoanID], [MemberID], [LoanDate], [DueDate]) VALUES (31, 35, CAST(N'2017-07-28' AS Date), CAST(N'2017-08-17' AS Date))
INSERT [dbo].[Loans] ([LoanID], [MemberID], [LoanDate], [DueDate]) VALUES (33, 26, CAST(N'2017-09-29' AS Date), CAST(N'2017-10-19' AS Date))
INSERT [dbo].[Loans] ([LoanID], [MemberID], [LoanDate], [DueDate]) VALUES (34, 39, CAST(N'2018-05-02' AS Date), CAST(N'2018-05-22' AS Date))
INSERT [dbo].[Loans] ([LoanID], [MemberID], [LoanDate], [DueDate]) VALUES (36, 34, CAST(N'2018-10-30' AS Date), CAST(N'2018-11-19' AS Date))
INSERT [dbo].[Loans] ([LoanID], [MemberID], [LoanDate], [DueDate]) VALUES (37, 22, CAST(N'2021-04-11' AS Date), CAST(N'2021-05-01' AS Date))
INSERT [dbo].[Loans] ([LoanID], [MemberID], [LoanDate], [DueDate]) VALUES (39, 6, CAST(N'2020-10-10' AS Date), CAST(N'2020-10-30' AS Date))
INSERT [dbo].[Loans] ([LoanID], [MemberID], [LoanDate], [DueDate]) VALUES (40, 24, CAST(N'2019-01-11' AS Date), CAST(N'2019-01-31' AS Date))
INSERT [dbo].[Loans] ([LoanID], [MemberID], [LoanDate], [DueDate]) VALUES (44, 19, CAST(N'2016-04-29' AS Date), CAST(N'2016-05-19' AS Date))
INSERT [dbo].[Loans] ([LoanID], [MemberID], [LoanDate], [DueDate]) VALUES (45, 38, CAST(N'2023-05-12' AS Date), CAST(N'2023-06-01' AS Date))
INSERT [dbo].[Loans] ([LoanID], [MemberID], [LoanDate], [DueDate]) VALUES (46, 8, CAST(N'2022-12-30' AS Date), CAST(N'2023-01-19' AS Date))
INSERT [dbo].[Loans] ([LoanID], [MemberID], [LoanDate], [DueDate]) VALUES (47, 29, CAST(N'2023-03-25' AS Date), CAST(N'2023-04-14' AS Date))
INSERT [dbo].[Loans] ([LoanID], [MemberID], [LoanDate], [DueDate]) VALUES (49, 33, CAST(N'2015-07-22' AS Date), CAST(N'2015-08-11' AS Date))
INSERT [dbo].[Loans] ([LoanID], [MemberID], [LoanDate], [DueDate]) VALUES (50, 18, CAST(N'2022-04-25' AS Date), CAST(N'2022-05-15' AS Date))
INSERT [dbo].[Loans] ([LoanID], [MemberID], [LoanDate], [DueDate]) VALUES (51, 29, CAST(N'2017-10-20' AS Date), CAST(N'2017-11-09' AS Date))
INSERT [dbo].[Loans] ([LoanID], [MemberID], [LoanDate], [DueDate]) VALUES (52, 20, CAST(N'2018-06-18' AS Date), CAST(N'2018-07-08' AS Date))
INSERT [dbo].[Loans] ([LoanID], [MemberID], [LoanDate], [DueDate]) VALUES (53, 37, CAST(N'2023-03-06' AS Date), CAST(N'2023-03-26' AS Date))
INSERT [dbo].[Loans] ([LoanID], [MemberID], [LoanDate], [DueDate]) VALUES (54, 21, CAST(N'2015-03-31' AS Date), CAST(N'2015-04-20' AS Date))
INSERT [dbo].[Loans] ([LoanID], [MemberID], [LoanDate], [DueDate]) VALUES (55, 28, CAST(N'2020-12-03' AS Date), CAST(N'2020-12-23' AS Date))
INSERT [dbo].[Loans] ([LoanID], [MemberID], [LoanDate], [DueDate]) VALUES (56, 37, CAST(N'2018-07-03' AS Date), CAST(N'2018-07-23' AS Date))
INSERT [dbo].[Loans] ([LoanID], [MemberID], [LoanDate], [DueDate]) VALUES (57, 30, CAST(N'2016-08-30' AS Date), CAST(N'2016-09-19' AS Date))
INSERT [dbo].[Loans] ([LoanID], [MemberID], [LoanDate], [DueDate]) VALUES (60, 36, CAST(N'2016-05-18' AS Date), CAST(N'2016-06-07' AS Date))
INSERT [dbo].[Loans] ([LoanID], [MemberID], [LoanDate], [DueDate]) VALUES (64, 30, CAST(N'2018-10-20' AS Date), CAST(N'2018-11-09' AS Date))
INSERT [dbo].[Loans] ([LoanID], [MemberID], [LoanDate], [DueDate]) VALUES (66, 17, CAST(N'2021-12-15' AS Date), CAST(N'2022-01-04' AS Date))
INSERT [dbo].[Loans] ([LoanID], [MemberID], [LoanDate], [DueDate]) VALUES (67, 29, CAST(N'2019-04-13' AS Date), CAST(N'2019-05-03' AS Date))
INSERT [dbo].[Loans] ([LoanID], [MemberID], [LoanDate], [DueDate]) VALUES (68, 40, CAST(N'2015-06-14' AS Date), CAST(N'2015-07-04' AS Date))
INSERT [dbo].[Loans] ([LoanID], [MemberID], [LoanDate], [DueDate]) VALUES (69, 18, CAST(N'2015-07-13' AS Date), CAST(N'2015-08-02' AS Date))
INSERT [dbo].[Loans] ([LoanID], [MemberID], [LoanDate], [DueDate]) VALUES (70, 5, CAST(N'2021-09-11' AS Date), CAST(N'2021-10-01' AS Date))
INSERT [dbo].[Loans] ([LoanID], [MemberID], [LoanDate], [DueDate]) VALUES (71, 33, CAST(N'2023-10-10' AS Date), CAST(N'2023-10-30' AS Date))
INSERT [dbo].[Loans] ([LoanID], [MemberID], [LoanDate], [DueDate]) VALUES (72, 18, CAST(N'2016-07-17' AS Date), CAST(N'2016-08-06' AS Date))
INSERT [dbo].[Loans] ([LoanID], [MemberID], [LoanDate], [DueDate]) VALUES (73, 30, CAST(N'2023-12-01' AS Date), CAST(N'2023-12-21' AS Date))
INSERT [dbo].[Loans] ([LoanID], [MemberID], [LoanDate], [DueDate]) VALUES (74, 8, CAST(N'2019-08-06' AS Date), CAST(N'2019-08-26' AS Date))
INSERT [dbo].[Loans] ([LoanID], [MemberID], [LoanDate], [DueDate]) VALUES (78, 34, CAST(N'2018-12-18' AS Date), CAST(N'2019-01-07' AS Date))
INSERT [dbo].[Loans] ([LoanID], [MemberID], [LoanDate], [DueDate]) VALUES (79, 3, CAST(N'2015-04-16' AS Date), CAST(N'2015-05-06' AS Date))
INSERT [dbo].[Loans] ([LoanID], [MemberID], [LoanDate], [DueDate]) VALUES (83, 5, CAST(N'2020-06-26' AS Date), CAST(N'2020-07-16' AS Date))
INSERT [dbo].[Loans] ([LoanID], [MemberID], [LoanDate], [DueDate]) VALUES (85, 34, CAST(N'2018-12-05' AS Date), CAST(N'2018-12-25' AS Date))
INSERT [dbo].[Loans] ([LoanID], [MemberID], [LoanDate], [DueDate]) VALUES (86, 1, CAST(N'2015-10-06' AS Date), CAST(N'2015-10-26' AS Date))
INSERT [dbo].[Loans] ([LoanID], [MemberID], [LoanDate], [DueDate]) VALUES (87, 19, CAST(N'2020-06-04' AS Date), CAST(N'2020-06-24' AS Date))
INSERT [dbo].[Loans] ([LoanID], [MemberID], [LoanDate], [DueDate]) VALUES (88, 18, CAST(N'2022-02-14' AS Date), CAST(N'2022-03-06' AS Date))
INSERT [dbo].[Loans] ([LoanID], [MemberID], [LoanDate], [DueDate]) VALUES (89, 30, CAST(N'2016-12-01' AS Date), CAST(N'2016-12-21' AS Date))
INSERT [dbo].[Loans] ([LoanID], [MemberID], [LoanDate], [DueDate]) VALUES (90, 17, CAST(N'2018-09-12' AS Date), CAST(N'2018-10-02' AS Date))
INSERT [dbo].[Loans] ([LoanID], [MemberID], [LoanDate], [DueDate]) VALUES (91, 30, CAST(N'2016-04-22' AS Date), CAST(N'2016-05-12' AS Date))
INSERT [dbo].[Loans] ([LoanID], [MemberID], [LoanDate], [DueDate]) VALUES (92, 16, CAST(N'2015-10-20' AS Date), CAST(N'2015-11-09' AS Date))
INSERT [dbo].[Loans] ([LoanID], [MemberID], [LoanDate], [DueDate]) VALUES (93, 18, CAST(N'2018-07-03' AS Date), CAST(N'2018-07-23' AS Date))
INSERT [dbo].[Loans] ([LoanID], [MemberID], [LoanDate], [DueDate]) VALUES (94, 18, CAST(N'2021-12-23' AS Date), CAST(N'2022-01-12' AS Date))
INSERT [dbo].[Loans] ([LoanID], [MemberID], [LoanDate], [DueDate]) VALUES (97, 40, CAST(N'2022-04-04' AS Date), CAST(N'2022-04-24' AS Date))
INSERT [dbo].[Loans] ([LoanID], [MemberID], [LoanDate], [DueDate]) VALUES (98, 34, CAST(N'2017-08-01' AS Date), CAST(N'2017-08-21' AS Date))
INSERT [dbo].[Loans] ([LoanID], [MemberID], [LoanDate], [DueDate]) VALUES (101, 7, CAST(N'2019-01-30' AS Date), CAST(N'2019-02-19' AS Date))
INSERT [dbo].[Loans] ([LoanID], [MemberID], [LoanDate], [DueDate]) VALUES (103, 24, CAST(N'2020-04-21' AS Date), CAST(N'2020-05-11' AS Date))
INSERT [dbo].[Loans] ([LoanID], [MemberID], [LoanDate], [DueDate]) VALUES (104, 7, CAST(N'2019-03-14' AS Date), CAST(N'2019-04-03' AS Date))
INSERT [dbo].[Loans] ([LoanID], [MemberID], [LoanDate], [DueDate]) VALUES (105, 27, CAST(N'2018-01-25' AS Date), CAST(N'2018-02-14' AS Date))
INSERT [dbo].[Loans] ([LoanID], [MemberID], [LoanDate], [DueDate]) VALUES (106, 25, CAST(N'2015-11-14' AS Date), CAST(N'2015-12-04' AS Date))
INSERT [dbo].[Loans] ([LoanID], [MemberID], [LoanDate], [DueDate]) VALUES (107, 8, CAST(N'2018-06-01' AS Date), CAST(N'2018-06-21' AS Date))
INSERT [dbo].[Loans] ([LoanID], [MemberID], [LoanDate], [DueDate]) VALUES (108, 27, CAST(N'2021-01-18' AS Date), CAST(N'2021-02-07' AS Date))
INSERT [dbo].[Loans] ([LoanID], [MemberID], [LoanDate], [DueDate]) VALUES (109, 5, CAST(N'2018-02-04' AS Date), CAST(N'2018-02-24' AS Date))
INSERT [dbo].[Loans] ([LoanID], [MemberID], [LoanDate], [DueDate]) VALUES (112, 3, CAST(N'2015-03-24' AS Date), CAST(N'2015-04-13' AS Date))
INSERT [dbo].[Loans] ([LoanID], [MemberID], [LoanDate], [DueDate]) VALUES (113, 3, CAST(N'2022-10-17' AS Date), CAST(N'2022-11-06' AS Date))
INSERT [dbo].[Loans] ([LoanID], [MemberID], [LoanDate], [DueDate]) VALUES (115, 16, CAST(N'2019-08-12' AS Date), CAST(N'2019-09-01' AS Date))
INSERT [dbo].[Loans] ([LoanID], [MemberID], [LoanDate], [DueDate]) VALUES (117, 29, CAST(N'2016-07-14' AS Date), CAST(N'2016-08-03' AS Date))
INSERT [dbo].[Loans] ([LoanID], [MemberID], [LoanDate], [DueDate]) VALUES (118, 24, CAST(N'2023-04-05' AS Date), CAST(N'2023-04-25' AS Date))
INSERT [dbo].[Loans] ([LoanID], [MemberID], [LoanDate], [DueDate]) VALUES (119, 10, CAST(N'2017-06-06' AS Date), CAST(N'2017-06-26' AS Date))
INSERT [dbo].[Loans] ([LoanID], [MemberID], [LoanDate], [DueDate]) VALUES (120, 11, CAST(N'2015-03-22' AS Date), CAST(N'2015-04-11' AS Date))
INSERT [dbo].[Loans] ([LoanID], [MemberID], [LoanDate], [DueDate]) VALUES (122, 9, CAST(N'2018-11-10' AS Date), CAST(N'2018-11-30' AS Date))
INSERT [dbo].[Loans] ([LoanID], [MemberID], [LoanDate], [DueDate]) VALUES (124, 18, CAST(N'2023-03-24' AS Date), CAST(N'2023-04-13' AS Date))
INSERT [dbo].[Loans] ([LoanID], [MemberID], [LoanDate], [DueDate]) VALUES (126, 32, CAST(N'2021-08-21' AS Date), CAST(N'2021-09-10' AS Date))
INSERT [dbo].[Loans] ([LoanID], [MemberID], [LoanDate], [DueDate]) VALUES (127, 12, CAST(N'2015-05-04' AS Date), CAST(N'2015-05-24' AS Date))
INSERT [dbo].[Loans] ([LoanID], [MemberID], [LoanDate], [DueDate]) VALUES (128, 39, CAST(N'2017-02-01' AS Date), CAST(N'2017-02-21' AS Date))
INSERT [dbo].[Loans] ([LoanID], [MemberID], [LoanDate], [DueDate]) VALUES (129, 19, CAST(N'2022-01-01' AS Date), CAST(N'2022-01-21' AS Date))
INSERT [dbo].[Loans] ([LoanID], [MemberID], [LoanDate], [DueDate]) VALUES (130, 21, CAST(N'2023-03-04' AS Date), CAST(N'2023-03-24' AS Date))
INSERT [dbo].[Loans] ([LoanID], [MemberID], [LoanDate], [DueDate]) VALUES (131, 21, CAST(N'2020-05-20' AS Date), CAST(N'2020-06-09' AS Date))
INSERT [dbo].[Loans] ([LoanID], [MemberID], [LoanDate], [DueDate]) VALUES (132, 7, CAST(N'2020-05-08' AS Date), CAST(N'2020-05-28' AS Date))
INSERT [dbo].[Loans] ([LoanID], [MemberID], [LoanDate], [DueDate]) VALUES (133, 22, CAST(N'2021-06-23' AS Date), CAST(N'2021-07-13' AS Date))
INSERT [dbo].[Loans] ([LoanID], [MemberID], [LoanDate], [DueDate]) VALUES (135, 27, CAST(N'2020-05-25' AS Date), CAST(N'2020-06-14' AS Date))
INSERT [dbo].[Loans] ([LoanID], [MemberID], [LoanDate], [DueDate]) VALUES (136, 25, CAST(N'2017-05-24' AS Date), CAST(N'2017-06-13' AS Date))
INSERT [dbo].[Loans] ([LoanID], [MemberID], [LoanDate], [DueDate]) VALUES (137, 5, CAST(N'2021-12-07' AS Date), CAST(N'2021-12-27' AS Date))
GO
INSERT [dbo].[Loans] ([LoanID], [MemberID], [LoanDate], [DueDate]) VALUES (138, 8, CAST(N'2015-10-12' AS Date), CAST(N'2015-11-01' AS Date))
INSERT [dbo].[Loans] ([LoanID], [MemberID], [LoanDate], [DueDate]) VALUES (139, 25, CAST(N'2018-11-15' AS Date), CAST(N'2018-12-05' AS Date))
INSERT [dbo].[Loans] ([LoanID], [MemberID], [LoanDate], [DueDate]) VALUES (140, 11, CAST(N'2017-01-07' AS Date), CAST(N'2017-01-27' AS Date))
INSERT [dbo].[Loans] ([LoanID], [MemberID], [LoanDate], [DueDate]) VALUES (141, 10, CAST(N'2017-02-09' AS Date), CAST(N'2017-03-01' AS Date))
INSERT [dbo].[Loans] ([LoanID], [MemberID], [LoanDate], [DueDate]) VALUES (142, 21, CAST(N'2020-08-15' AS Date), CAST(N'2020-09-04' AS Date))
INSERT [dbo].[Loans] ([LoanID], [MemberID], [LoanDate], [DueDate]) VALUES (143, 4, CAST(N'2019-06-15' AS Date), CAST(N'2019-07-05' AS Date))
INSERT [dbo].[Loans] ([LoanID], [MemberID], [LoanDate], [DueDate]) VALUES (144, 9, CAST(N'2019-02-16' AS Date), CAST(N'2019-03-08' AS Date))
INSERT [dbo].[Loans] ([LoanID], [MemberID], [LoanDate], [DueDate]) VALUES (145, 34, CAST(N'2017-04-02' AS Date), CAST(N'2017-04-22' AS Date))
INSERT [dbo].[Loans] ([LoanID], [MemberID], [LoanDate], [DueDate]) VALUES (146, 8, CAST(N'2021-10-29' AS Date), CAST(N'2021-11-18' AS Date))
INSERT [dbo].[Loans] ([LoanID], [MemberID], [LoanDate], [DueDate]) VALUES (147, 2, CAST(N'2022-12-28' AS Date), CAST(N'2023-01-17' AS Date))
INSERT [dbo].[Loans] ([LoanID], [MemberID], [LoanDate], [DueDate]) VALUES (148, 6, CAST(N'2015-05-10' AS Date), CAST(N'2015-05-30' AS Date))
INSERT [dbo].[Loans] ([LoanID], [MemberID], [LoanDate], [DueDate]) VALUES (149, 27, CAST(N'2020-07-17' AS Date), CAST(N'2020-08-06' AS Date))
INSERT [dbo].[Loans] ([LoanID], [MemberID], [LoanDate], [DueDate]) VALUES (150, 6, CAST(N'2020-08-18' AS Date), CAST(N'2020-09-07' AS Date))
INSERT [dbo].[Loans] ([LoanID], [MemberID], [LoanDate], [DueDate]) VALUES (151, 33, CAST(N'2018-06-28' AS Date), CAST(N'2018-07-18' AS Date))
INSERT [dbo].[Loans] ([LoanID], [MemberID], [LoanDate], [DueDate]) VALUES (152, 2, CAST(N'2015-10-24' AS Date), CAST(N'2015-11-13' AS Date))
INSERT [dbo].[Loans] ([LoanID], [MemberID], [LoanDate], [DueDate]) VALUES (153, 34, CAST(N'2019-01-17' AS Date), CAST(N'2019-02-06' AS Date))
INSERT [dbo].[Loans] ([LoanID], [MemberID], [LoanDate], [DueDate]) VALUES (154, 40, CAST(N'2018-04-04' AS Date), CAST(N'2018-04-24' AS Date))
INSERT [dbo].[Loans] ([LoanID], [MemberID], [LoanDate], [DueDate]) VALUES (155, 4, CAST(N'2023-03-31' AS Date), CAST(N'2023-04-20' AS Date))
INSERT [dbo].[Loans] ([LoanID], [MemberID], [LoanDate], [DueDate]) VALUES (157, 21, CAST(N'2022-05-17' AS Date), CAST(N'2022-06-06' AS Date))
INSERT [dbo].[Loans] ([LoanID], [MemberID], [LoanDate], [DueDate]) VALUES (158, 40, CAST(N'2017-03-19' AS Date), CAST(N'2017-04-08' AS Date))
INSERT [dbo].[Loans] ([LoanID], [MemberID], [LoanDate], [DueDate]) VALUES (159, 11, CAST(N'2016-01-18' AS Date), CAST(N'2016-02-07' AS Date))
INSERT [dbo].[Loans] ([LoanID], [MemberID], [LoanDate], [DueDate]) VALUES (160, 4, CAST(N'2015-12-27' AS Date), CAST(N'2016-01-16' AS Date))
INSERT [dbo].[Loans] ([LoanID], [MemberID], [LoanDate], [DueDate]) VALUES (161, 31, CAST(N'2016-06-28' AS Date), CAST(N'2016-07-18' AS Date))
INSERT [dbo].[Loans] ([LoanID], [MemberID], [LoanDate], [DueDate]) VALUES (162, 39, CAST(N'2023-09-29' AS Date), CAST(N'2023-10-19' AS Date))
INSERT [dbo].[Loans] ([LoanID], [MemberID], [LoanDate], [DueDate]) VALUES (164, 4, CAST(N'2022-06-13' AS Date), CAST(N'2022-07-03' AS Date))
INSERT [dbo].[Loans] ([LoanID], [MemberID], [LoanDate], [DueDate]) VALUES (165, 23, CAST(N'2023-08-13' AS Date), CAST(N'2023-09-02' AS Date))
INSERT [dbo].[Loans] ([LoanID], [MemberID], [LoanDate], [DueDate]) VALUES (167, 10, CAST(N'2020-09-29' AS Date), CAST(N'2020-10-19' AS Date))
INSERT [dbo].[Loans] ([LoanID], [MemberID], [LoanDate], [DueDate]) VALUES (168, 32, CAST(N'2018-02-06' AS Date), CAST(N'2018-02-26' AS Date))
INSERT [dbo].[Loans] ([LoanID], [MemberID], [LoanDate], [DueDate]) VALUES (170, 14, CAST(N'2016-05-13' AS Date), CAST(N'2016-06-02' AS Date))
INSERT [dbo].[Loans] ([LoanID], [MemberID], [LoanDate], [DueDate]) VALUES (171, 29, CAST(N'2016-12-30' AS Date), CAST(N'2017-01-19' AS Date))
INSERT [dbo].[Loans] ([LoanID], [MemberID], [LoanDate], [DueDate]) VALUES (172, 1, CAST(N'2020-05-18' AS Date), CAST(N'2020-06-07' AS Date))
INSERT [dbo].[Loans] ([LoanID], [MemberID], [LoanDate], [DueDate]) VALUES (174, 3, CAST(N'2020-03-01' AS Date), CAST(N'2020-03-21' AS Date))
INSERT [dbo].[Loans] ([LoanID], [MemberID], [LoanDate], [DueDate]) VALUES (176, 18, CAST(N'2017-06-29' AS Date), CAST(N'2017-07-19' AS Date))
INSERT [dbo].[Loans] ([LoanID], [MemberID], [LoanDate], [DueDate]) VALUES (177, 22, CAST(N'2019-12-30' AS Date), CAST(N'2020-01-19' AS Date))
INSERT [dbo].[Loans] ([LoanID], [MemberID], [LoanDate], [DueDate]) VALUES (179, 32, CAST(N'2020-10-14' AS Date), CAST(N'2020-11-03' AS Date))
INSERT [dbo].[Loans] ([LoanID], [MemberID], [LoanDate], [DueDate]) VALUES (180, 2, CAST(N'2022-01-20' AS Date), CAST(N'2022-02-09' AS Date))
INSERT [dbo].[Loans] ([LoanID], [MemberID], [LoanDate], [DueDate]) VALUES (183, 5, CAST(N'2015-05-24' AS Date), CAST(N'2015-06-13' AS Date))
INSERT [dbo].[Loans] ([LoanID], [MemberID], [LoanDate], [DueDate]) VALUES (185, 2, CAST(N'2019-04-02' AS Date), CAST(N'2019-04-22' AS Date))
INSERT [dbo].[Loans] ([LoanID], [MemberID], [LoanDate], [DueDate]) VALUES (186, 22, CAST(N'2018-03-01' AS Date), CAST(N'2018-03-21' AS Date))
INSERT [dbo].[Loans] ([LoanID], [MemberID], [LoanDate], [DueDate]) VALUES (188, 16, CAST(N'2018-08-25' AS Date), CAST(N'2018-09-14' AS Date))
INSERT [dbo].[Loans] ([LoanID], [MemberID], [LoanDate], [DueDate]) VALUES (189, 26, CAST(N'2017-10-14' AS Date), CAST(N'2017-11-03' AS Date))
INSERT [dbo].[Loans] ([LoanID], [MemberID], [LoanDate], [DueDate]) VALUES (190, 7, CAST(N'2017-12-21' AS Date), CAST(N'2018-01-10' AS Date))
INSERT [dbo].[Loans] ([LoanID], [MemberID], [LoanDate], [DueDate]) VALUES (191, 22, CAST(N'2019-10-31' AS Date), CAST(N'2019-11-20' AS Date))
INSERT [dbo].[Loans] ([LoanID], [MemberID], [LoanDate], [DueDate]) VALUES (192, 4, CAST(N'2016-07-13' AS Date), CAST(N'2016-08-02' AS Date))
INSERT [dbo].[Loans] ([LoanID], [MemberID], [LoanDate], [DueDate]) VALUES (194, 3, CAST(N'2023-05-20' AS Date), CAST(N'2023-06-09' AS Date))
INSERT [dbo].[Loans] ([LoanID], [MemberID], [LoanDate], [DueDate]) VALUES (195, 1, CAST(N'2022-05-02' AS Date), CAST(N'2022-05-22' AS Date))
INSERT [dbo].[Loans] ([LoanID], [MemberID], [LoanDate], [DueDate]) VALUES (196, 27, CAST(N'2023-02-12' AS Date), CAST(N'2023-03-04' AS Date))
INSERT [dbo].[Loans] ([LoanID], [MemberID], [LoanDate], [DueDate]) VALUES (197, 22, CAST(N'2017-01-01' AS Date), CAST(N'2017-01-21' AS Date))
INSERT [dbo].[Loans] ([LoanID], [MemberID], [LoanDate], [DueDate]) VALUES (198, 11, CAST(N'2022-07-23' AS Date), CAST(N'2022-08-12' AS Date))
INSERT [dbo].[Loans] ([LoanID], [MemberID], [LoanDate], [DueDate]) VALUES (199, 30, CAST(N'2018-09-30' AS Date), CAST(N'2018-10-20' AS Date))
INSERT [dbo].[Loans] ([LoanID], [MemberID], [LoanDate], [DueDate]) VALUES (200, 27, CAST(N'2019-11-29' AS Date), CAST(N'2019-12-19' AS Date))
INSERT [dbo].[Loans] ([LoanID], [MemberID], [LoanDate], [DueDate]) VALUES (201, 13, CAST(N'2019-03-03' AS Date), CAST(N'2019-03-23' AS Date))
INSERT [dbo].[Loans] ([LoanID], [MemberID], [LoanDate], [DueDate]) VALUES (202, 10, CAST(N'2017-08-23' AS Date), CAST(N'2017-09-12' AS Date))
INSERT [dbo].[Loans] ([LoanID], [MemberID], [LoanDate], [DueDate]) VALUES (204, 24, CAST(N'2015-10-18' AS Date), CAST(N'2015-11-07' AS Date))
INSERT [dbo].[Loans] ([LoanID], [MemberID], [LoanDate], [DueDate]) VALUES (205, 21, CAST(N'2021-01-14' AS Date), CAST(N'2021-02-03' AS Date))
INSERT [dbo].[Loans] ([LoanID], [MemberID], [LoanDate], [DueDate]) VALUES (206, 15, CAST(N'2021-03-01' AS Date), CAST(N'2021-03-21' AS Date))
INSERT [dbo].[Loans] ([LoanID], [MemberID], [LoanDate], [DueDate]) VALUES (207, 11, CAST(N'2021-04-07' AS Date), CAST(N'2021-04-27' AS Date))
INSERT [dbo].[Loans] ([LoanID], [MemberID], [LoanDate], [DueDate]) VALUES (208, 3, CAST(N'2016-06-06' AS Date), CAST(N'2016-06-26' AS Date))
INSERT [dbo].[Loans] ([LoanID], [MemberID], [LoanDate], [DueDate]) VALUES (209, 14, CAST(N'2022-03-27' AS Date), CAST(N'2022-04-16' AS Date))
INSERT [dbo].[Loans] ([LoanID], [MemberID], [LoanDate], [DueDate]) VALUES (210, 16, CAST(N'2017-11-22' AS Date), CAST(N'2017-12-12' AS Date))
INSERT [dbo].[Loans] ([LoanID], [MemberID], [LoanDate], [DueDate]) VALUES (211, 35, CAST(N'2019-01-19' AS Date), CAST(N'2019-02-08' AS Date))
INSERT [dbo].[Loans] ([LoanID], [MemberID], [LoanDate], [DueDate]) VALUES (212, 33, CAST(N'2017-08-11' AS Date), CAST(N'2017-08-31' AS Date))
INSERT [dbo].[Loans] ([LoanID], [MemberID], [LoanDate], [DueDate]) VALUES (213, 19, CAST(N'2022-07-03' AS Date), CAST(N'2022-07-23' AS Date))
INSERT [dbo].[Loans] ([LoanID], [MemberID], [LoanDate], [DueDate]) VALUES (214, 34, CAST(N'2018-10-10' AS Date), CAST(N'2018-10-30' AS Date))
INSERT [dbo].[Loans] ([LoanID], [MemberID], [LoanDate], [DueDate]) VALUES (216, 2, CAST(N'2021-12-26' AS Date), CAST(N'2022-01-15' AS Date))
INSERT [dbo].[Loans] ([LoanID], [MemberID], [LoanDate], [DueDate]) VALUES (217, 28, CAST(N'2015-12-05' AS Date), CAST(N'2015-12-25' AS Date))
INSERT [dbo].[Loans] ([LoanID], [MemberID], [LoanDate], [DueDate]) VALUES (218, 27, CAST(N'2020-09-02' AS Date), CAST(N'2020-09-22' AS Date))
INSERT [dbo].[Loans] ([LoanID], [MemberID], [LoanDate], [DueDate]) VALUES (221, 10, CAST(N'2023-08-17' AS Date), CAST(N'2023-09-06' AS Date))
INSERT [dbo].[Loans] ([LoanID], [MemberID], [LoanDate], [DueDate]) VALUES (222, 19, CAST(N'2020-04-11' AS Date), CAST(N'2020-05-01' AS Date))
INSERT [dbo].[Loans] ([LoanID], [MemberID], [LoanDate], [DueDate]) VALUES (223, 18, CAST(N'2022-06-21' AS Date), CAST(N'2022-07-11' AS Date))
INSERT [dbo].[Loans] ([LoanID], [MemberID], [LoanDate], [DueDate]) VALUES (224, 27, CAST(N'2021-11-21' AS Date), CAST(N'2021-12-11' AS Date))
INSERT [dbo].[Loans] ([LoanID], [MemberID], [LoanDate], [DueDate]) VALUES (226, 18, CAST(N'2015-10-10' AS Date), CAST(N'2015-10-30' AS Date))
INSERT [dbo].[Loans] ([LoanID], [MemberID], [LoanDate], [DueDate]) VALUES (229, 36, CAST(N'2017-03-18' AS Date), CAST(N'2017-04-07' AS Date))
INSERT [dbo].[Loans] ([LoanID], [MemberID], [LoanDate], [DueDate]) VALUES (231, 5, CAST(N'2018-01-19' AS Date), CAST(N'2018-02-08' AS Date))
INSERT [dbo].[Loans] ([LoanID], [MemberID], [LoanDate], [DueDate]) VALUES (232, 34, CAST(N'2021-02-15' AS Date), CAST(N'2021-03-07' AS Date))
INSERT [dbo].[Loans] ([LoanID], [MemberID], [LoanDate], [DueDate]) VALUES (233, 27, CAST(N'2015-06-26' AS Date), CAST(N'2015-07-16' AS Date))
INSERT [dbo].[Loans] ([LoanID], [MemberID], [LoanDate], [DueDate]) VALUES (234, 35, CAST(N'2016-06-14' AS Date), CAST(N'2016-07-04' AS Date))
INSERT [dbo].[Loans] ([LoanID], [MemberID], [LoanDate], [DueDate]) VALUES (235, 9, CAST(N'2023-04-04' AS Date), CAST(N'2023-04-24' AS Date))
INSERT [dbo].[Loans] ([LoanID], [MemberID], [LoanDate], [DueDate]) VALUES (236, 35, CAST(N'2020-02-19' AS Date), CAST(N'2020-03-10' AS Date))
INSERT [dbo].[Loans] ([LoanID], [MemberID], [LoanDate], [DueDate]) VALUES (237, 17, CAST(N'2015-12-29' AS Date), CAST(N'2016-01-18' AS Date))
INSERT [dbo].[Loans] ([LoanID], [MemberID], [LoanDate], [DueDate]) VALUES (239, 24, CAST(N'2023-01-05' AS Date), CAST(N'2023-01-25' AS Date))
INSERT [dbo].[Loans] ([LoanID], [MemberID], [LoanDate], [DueDate]) VALUES (240, 25, CAST(N'2022-02-23' AS Date), CAST(N'2022-03-15' AS Date))
INSERT [dbo].[Loans] ([LoanID], [MemberID], [LoanDate], [DueDate]) VALUES (241, 30, CAST(N'2021-06-23' AS Date), CAST(N'2021-07-13' AS Date))
INSERT [dbo].[Loans] ([LoanID], [MemberID], [LoanDate], [DueDate]) VALUES (242, 34, CAST(N'2019-02-19' AS Date), CAST(N'2019-03-11' AS Date))
INSERT [dbo].[Loans] ([LoanID], [MemberID], [LoanDate], [DueDate]) VALUES (243, 35, CAST(N'2015-10-14' AS Date), CAST(N'2015-11-03' AS Date))
INSERT [dbo].[Loans] ([LoanID], [MemberID], [LoanDate], [DueDate]) VALUES (244, 22, CAST(N'2023-01-05' AS Date), CAST(N'2023-01-25' AS Date))
INSERT [dbo].[Loans] ([LoanID], [MemberID], [LoanDate], [DueDate]) VALUES (246, 7, CAST(N'2023-12-08' AS Date), CAST(N'2023-12-28' AS Date))
INSERT [dbo].[Loans] ([LoanID], [MemberID], [LoanDate], [DueDate]) VALUES (247, 7, CAST(N'2020-06-18' AS Date), CAST(N'2020-07-08' AS Date))
INSERT [dbo].[Loans] ([LoanID], [MemberID], [LoanDate], [DueDate]) VALUES (248, 35, CAST(N'2016-10-08' AS Date), CAST(N'2016-10-28' AS Date))
INSERT [dbo].[Loans] ([LoanID], [MemberID], [LoanDate], [DueDate]) VALUES (249, 26, CAST(N'2020-09-02' AS Date), CAST(N'2020-09-22' AS Date))
INSERT [dbo].[Loans] ([LoanID], [MemberID], [LoanDate], [DueDate]) VALUES (250, 25, CAST(N'2015-04-15' AS Date), CAST(N'2015-05-05' AS Date))
INSERT [dbo].[Loans] ([LoanID], [MemberID], [LoanDate], [DueDate]) VALUES (251, 21, CAST(N'2022-02-09' AS Date), CAST(N'2022-03-01' AS Date))
INSERT [dbo].[Loans] ([LoanID], [MemberID], [LoanDate], [DueDate]) VALUES (252, 11, CAST(N'2022-11-14' AS Date), CAST(N'2022-12-04' AS Date))
INSERT [dbo].[Loans] ([LoanID], [MemberID], [LoanDate], [DueDate]) VALUES (253, 1, CAST(N'2022-08-05' AS Date), CAST(N'2022-08-25' AS Date))
INSERT [dbo].[Loans] ([LoanID], [MemberID], [LoanDate], [DueDate]) VALUES (254, 14, CAST(N'2019-12-22' AS Date), CAST(N'2020-01-11' AS Date))
INSERT [dbo].[Loans] ([LoanID], [MemberID], [LoanDate], [DueDate]) VALUES (255, 40, CAST(N'2018-06-09' AS Date), CAST(N'2018-06-29' AS Date))
INSERT [dbo].[Loans] ([LoanID], [MemberID], [LoanDate], [DueDate]) VALUES (256, 18, CAST(N'2018-07-17' AS Date), CAST(N'2018-08-06' AS Date))
INSERT [dbo].[Loans] ([LoanID], [MemberID], [LoanDate], [DueDate]) VALUES (257, 33, CAST(N'2016-11-04' AS Date), CAST(N'2016-11-24' AS Date))
INSERT [dbo].[Loans] ([LoanID], [MemberID], [LoanDate], [DueDate]) VALUES (258, 27, CAST(N'2020-11-04' AS Date), CAST(N'2020-11-24' AS Date))
INSERT [dbo].[Loans] ([LoanID], [MemberID], [LoanDate], [DueDate]) VALUES (259, 33, CAST(N'2017-09-07' AS Date), CAST(N'2017-09-27' AS Date))
GO
INSERT [dbo].[Loans] ([LoanID], [MemberID], [LoanDate], [DueDate]) VALUES (260, 26, CAST(N'2019-06-09' AS Date), CAST(N'2019-06-29' AS Date))
INSERT [dbo].[Loans] ([LoanID], [MemberID], [LoanDate], [DueDate]) VALUES (261, 20, CAST(N'2017-09-09' AS Date), CAST(N'2017-09-29' AS Date))
INSERT [dbo].[Loans] ([LoanID], [MemberID], [LoanDate], [DueDate]) VALUES (262, 29, CAST(N'2015-07-22' AS Date), CAST(N'2015-08-11' AS Date))
INSERT [dbo].[Loans] ([LoanID], [MemberID], [LoanDate], [DueDate]) VALUES (263, 25, CAST(N'2021-11-08' AS Date), CAST(N'2021-11-28' AS Date))
INSERT [dbo].[Loans] ([LoanID], [MemberID], [LoanDate], [DueDate]) VALUES (264, 12, CAST(N'2016-01-07' AS Date), CAST(N'2016-01-27' AS Date))
INSERT [dbo].[Loans] ([LoanID], [MemberID], [LoanDate], [DueDate]) VALUES (266, 17, CAST(N'2023-06-26' AS Date), CAST(N'2023-07-16' AS Date))
INSERT [dbo].[Loans] ([LoanID], [MemberID], [LoanDate], [DueDate]) VALUES (269, 4, CAST(N'2023-02-09' AS Date), CAST(N'2023-03-01' AS Date))
INSERT [dbo].[Loans] ([LoanID], [MemberID], [LoanDate], [DueDate]) VALUES (270, 16, CAST(N'2020-02-10' AS Date), CAST(N'2020-03-01' AS Date))
INSERT [dbo].[Loans] ([LoanID], [MemberID], [LoanDate], [DueDate]) VALUES (271, 4, CAST(N'2020-01-10' AS Date), CAST(N'2020-01-30' AS Date))
INSERT [dbo].[Loans] ([LoanID], [MemberID], [LoanDate], [DueDate]) VALUES (272, 36, CAST(N'2019-07-04' AS Date), CAST(N'2019-07-24' AS Date))
INSERT [dbo].[Loans] ([LoanID], [MemberID], [LoanDate], [DueDate]) VALUES (273, 9, CAST(N'2015-06-29' AS Date), CAST(N'2015-07-19' AS Date))
INSERT [dbo].[Loans] ([LoanID], [MemberID], [LoanDate], [DueDate]) VALUES (274, 34, CAST(N'2020-07-23' AS Date), CAST(N'2020-08-12' AS Date))
INSERT [dbo].[Loans] ([LoanID], [MemberID], [LoanDate], [DueDate]) VALUES (275, 25, CAST(N'2020-07-01' AS Date), CAST(N'2020-07-21' AS Date))
INSERT [dbo].[Loans] ([LoanID], [MemberID], [LoanDate], [DueDate]) VALUES (276, 35, CAST(N'2016-02-26' AS Date), CAST(N'2016-03-17' AS Date))
INSERT [dbo].[Loans] ([LoanID], [MemberID], [LoanDate], [DueDate]) VALUES (277, 17, CAST(N'2020-10-19' AS Date), CAST(N'2020-11-08' AS Date))
INSERT [dbo].[Loans] ([LoanID], [MemberID], [LoanDate], [DueDate]) VALUES (279, 17, CAST(N'2023-03-20' AS Date), CAST(N'2023-04-09' AS Date))
INSERT [dbo].[Loans] ([LoanID], [MemberID], [LoanDate], [DueDate]) VALUES (280, 22, CAST(N'2021-11-17' AS Date), CAST(N'2021-12-07' AS Date))
INSERT [dbo].[Loans] ([LoanID], [MemberID], [LoanDate], [DueDate]) VALUES (281, 27, CAST(N'2016-03-15' AS Date), CAST(N'2016-04-04' AS Date))
INSERT [dbo].[Loans] ([LoanID], [MemberID], [LoanDate], [DueDate]) VALUES (282, 4, CAST(N'2021-05-06' AS Date), CAST(N'2021-05-26' AS Date))
INSERT [dbo].[Loans] ([LoanID], [MemberID], [LoanDate], [DueDate]) VALUES (284, 39, CAST(N'2022-09-12' AS Date), CAST(N'2022-10-02' AS Date))
INSERT [dbo].[Loans] ([LoanID], [MemberID], [LoanDate], [DueDate]) VALUES (285, 23, CAST(N'2017-11-21' AS Date), CAST(N'2017-12-11' AS Date))
INSERT [dbo].[Loans] ([LoanID], [MemberID], [LoanDate], [DueDate]) VALUES (286, 17, CAST(N'2023-07-13' AS Date), CAST(N'2023-08-02' AS Date))
INSERT [dbo].[Loans] ([LoanID], [MemberID], [LoanDate], [DueDate]) VALUES (289, 38, CAST(N'2016-02-04' AS Date), CAST(N'2016-02-24' AS Date))
INSERT [dbo].[Loans] ([LoanID], [MemberID], [LoanDate], [DueDate]) VALUES (290, 4, CAST(N'2022-10-19' AS Date), CAST(N'2022-11-08' AS Date))
INSERT [dbo].[Loans] ([LoanID], [MemberID], [LoanDate], [DueDate]) VALUES (291, 4, CAST(N'2015-07-04' AS Date), CAST(N'2015-07-24' AS Date))
INSERT [dbo].[Loans] ([LoanID], [MemberID], [LoanDate], [DueDate]) VALUES (293, 16, CAST(N'2016-01-27' AS Date), CAST(N'2016-02-16' AS Date))
INSERT [dbo].[Loans] ([LoanID], [MemberID], [LoanDate], [DueDate]) VALUES (295, 40, CAST(N'2016-11-01' AS Date), CAST(N'2016-11-21' AS Date))
INSERT [dbo].[Loans] ([LoanID], [MemberID], [LoanDate], [DueDate]) VALUES (296, 34, CAST(N'2019-10-29' AS Date), CAST(N'2019-11-18' AS Date))
INSERT [dbo].[Loans] ([LoanID], [MemberID], [LoanDate], [DueDate]) VALUES (297, 6, CAST(N'2020-09-27' AS Date), CAST(N'2020-10-17' AS Date))
INSERT [dbo].[Loans] ([LoanID], [MemberID], [LoanDate], [DueDate]) VALUES (298, 5, CAST(N'2020-06-04' AS Date), CAST(N'2020-06-24' AS Date))
INSERT [dbo].[Loans] ([LoanID], [MemberID], [LoanDate], [DueDate]) VALUES (299, 2, CAST(N'2018-10-12' AS Date), CAST(N'2018-11-01' AS Date))
INSERT [dbo].[Loans] ([LoanID], [MemberID], [LoanDate], [DueDate]) VALUES (300, 34, CAST(N'2015-05-13' AS Date), CAST(N'2015-06-02' AS Date))
GO
INSERT [dbo].[LoanDetails] ([LoanDetailID], [LoanID], [CopyID], [ReturnDate]) VALUES (2, 271, 98, CAST(N'2020-02-05' AS Date))
INSERT [dbo].[LoanDetails] ([LoanDetailID], [LoanID], [CopyID], [ReturnDate]) VALUES (4, 253, 150, CAST(N'2022-08-09' AS Date))
INSERT [dbo].[LoanDetails] ([LoanDetailID], [LoanID], [CopyID], [ReturnDate]) VALUES (6, 264, 164, CAST(N'2016-02-03' AS Date))
INSERT [dbo].[LoanDetails] ([LoanDetailID], [LoanID], [CopyID], [ReturnDate]) VALUES (7, 235, 100, CAST(N'2023-04-26' AS Date))
INSERT [dbo].[LoanDetails] ([LoanDetailID], [LoanID], [CopyID], [ReturnDate]) VALUES (8, 297, 140, CAST(N'2020-10-18' AS Date))
INSERT [dbo].[LoanDetails] ([LoanDetailID], [LoanID], [CopyID], [ReturnDate]) VALUES (9, 300, 141, CAST(N'2015-05-29' AS Date))
INSERT [dbo].[LoanDetails] ([LoanDetailID], [LoanID], [CopyID], [ReturnDate]) VALUES (10, 286, 122, CAST(N'2023-07-17' AS Date))
INSERT [dbo].[LoanDetails] ([LoanDetailID], [LoanID], [CopyID], [ReturnDate]) VALUES (11, 285, 99, CAST(N'2017-12-05' AS Date))
INSERT [dbo].[LoanDetails] ([LoanDetailID], [LoanID], [CopyID], [ReturnDate]) VALUES (14, 209, 115, CAST(N'2022-04-05' AS Date))
INSERT [dbo].[LoanDetails] ([LoanDetailID], [LoanID], [CopyID], [ReturnDate]) VALUES (15, 27, 141, CAST(N'2018-03-10' AS Date))
INSERT [dbo].[LoanDetails] ([LoanDetailID], [LoanID], [CopyID], [ReturnDate]) VALUES (16, 295, 149, CAST(N'2016-11-14' AS Date))
INSERT [dbo].[LoanDetails] ([LoanDetailID], [LoanID], [CopyID], [ReturnDate]) VALUES (17, 29, 182, CAST(N'2016-04-17' AS Date))
INSERT [dbo].[LoanDetails] ([LoanDetailID], [LoanID], [CopyID], [ReturnDate]) VALUES (18, 50, 176, CAST(N'2022-05-11' AS Date))
INSERT [dbo].[LoanDetails] ([LoanDetailID], [LoanID], [CopyID], [ReturnDate]) VALUES (19, 250, 194, CAST(N'2015-05-14' AS Date))
INSERT [dbo].[LoanDetails] ([LoanDetailID], [LoanID], [CopyID], [ReturnDate]) VALUES (20, 83, 139, CAST(N'2020-06-29' AS Date))
INSERT [dbo].[LoanDetails] ([LoanDetailID], [LoanID], [CopyID], [ReturnDate]) VALUES (21, 209, 83, CAST(N'2022-04-05' AS Date))
INSERT [dbo].[LoanDetails] ([LoanDetailID], [LoanID], [CopyID], [ReturnDate]) VALUES (25, 124, 39, CAST(N'2023-04-25' AS Date))
INSERT [dbo].[LoanDetails] ([LoanDetailID], [LoanID], [CopyID], [ReturnDate]) VALUES (26, 9, 191, CAST(N'2015-11-17' AS Date))
INSERT [dbo].[LoanDetails] ([LoanDetailID], [LoanID], [CopyID], [ReturnDate]) VALUES (27, 186, 7, CAST(N'2018-03-06' AS Date))
INSERT [dbo].[LoanDetails] ([LoanDetailID], [LoanID], [CopyID], [ReturnDate]) VALUES (28, 165, 113, CAST(N'2023-08-17' AS Date))
INSERT [dbo].[LoanDetails] ([LoanDetailID], [LoanID], [CopyID], [ReturnDate]) VALUES (30, 298, 48, CAST(N'2020-06-05' AS Date))
INSERT [dbo].[LoanDetails] ([LoanDetailID], [LoanID], [CopyID], [ReturnDate]) VALUES (31, 222, 185, CAST(N'2020-05-09' AS Date))
INSERT [dbo].[LoanDetails] ([LoanDetailID], [LoanID], [CopyID], [ReturnDate]) VALUES (32, 255, 189, CAST(N'2018-06-22' AS Date))
INSERT [dbo].[LoanDetails] ([LoanDetailID], [LoanID], [CopyID], [ReturnDate]) VALUES (33, 295, 163, CAST(N'2016-11-14' AS Date))
INSERT [dbo].[LoanDetails] ([LoanDetailID], [LoanID], [CopyID], [ReturnDate]) VALUES (35, 72, 54, CAST(N'2016-07-24' AS Date))
INSERT [dbo].[LoanDetails] ([LoanDetailID], [LoanID], [CopyID], [ReturnDate]) VALUES (36, 55, 88, CAST(N'2020-12-18' AS Date))
INSERT [dbo].[LoanDetails] ([LoanDetailID], [LoanID], [CopyID], [ReturnDate]) VALUES (37, 88, 71, CAST(N'2022-02-18' AS Date))
INSERT [dbo].[LoanDetails] ([LoanDetailID], [LoanID], [CopyID], [ReturnDate]) VALUES (38, 247, 106, CAST(N'2020-07-01' AS Date))
INSERT [dbo].[LoanDetails] ([LoanDetailID], [LoanID], [CopyID], [ReturnDate]) VALUES (39, 248, 142, CAST(N'2016-10-08' AS Date))
INSERT [dbo].[LoanDetails] ([LoanDetailID], [LoanID], [CopyID], [ReturnDate]) VALUES (40, 11, 79, CAST(N'2023-07-23' AS Date))
INSERT [dbo].[LoanDetails] ([LoanDetailID], [LoanID], [CopyID], [ReturnDate]) VALUES (41, 258, 16, NULL)
INSERT [dbo].[LoanDetails] ([LoanDetailID], [LoanID], [CopyID], [ReturnDate]) VALUES (43, 235, 121, CAST(N'2023-04-26' AS Date))
INSERT [dbo].[LoanDetails] ([LoanDetailID], [LoanID], [CopyID], [ReturnDate]) VALUES (45, 126, 28, CAST(N'2021-09-13' AS Date))
INSERT [dbo].[LoanDetails] ([LoanDetailID], [LoanID], [CopyID], [ReturnDate]) VALUES (46, 273, 57, CAST(N'2015-07-09' AS Date))
INSERT [dbo].[LoanDetails] ([LoanDetailID], [LoanID], [CopyID], [ReturnDate]) VALUES (47, 270, 160, CAST(N'2020-02-12' AS Date))
INSERT [dbo].[LoanDetails] ([LoanDetailID], [LoanID], [CopyID], [ReturnDate]) VALUES (48, 231, 185, CAST(N'2018-02-18' AS Date))
INSERT [dbo].[LoanDetails] ([LoanDetailID], [LoanID], [CopyID], [ReturnDate]) VALUES (50, 131, 71, CAST(N'2020-05-23' AS Date))
INSERT [dbo].[LoanDetails] ([LoanDetailID], [LoanID], [CopyID], [ReturnDate]) VALUES (51, 274, 59, CAST(N'2020-08-05' AS Date))
INSERT [dbo].[LoanDetails] ([LoanDetailID], [LoanID], [CopyID], [ReturnDate]) VALUES (52, 229, 180, CAST(N'2017-04-03' AS Date))
INSERT [dbo].[LoanDetails] ([LoanDetailID], [LoanID], [CopyID], [ReturnDate]) VALUES (53, 8, 74, CAST(N'2022-02-10' AS Date))
INSERT [dbo].[LoanDetails] ([LoanDetailID], [LoanID], [CopyID], [ReturnDate]) VALUES (54, 276, 143, CAST(N'2016-02-27' AS Date))
INSERT [dbo].[LoanDetails] ([LoanDetailID], [LoanID], [CopyID], [ReturnDate]) VALUES (55, 34, 105, CAST(N'2018-06-06' AS Date))
INSERT [dbo].[LoanDetails] ([LoanDetailID], [LoanID], [CopyID], [ReturnDate]) VALUES (57, 207, 82, CAST(N'2021-04-10' AS Date))
INSERT [dbo].[LoanDetails] ([LoanDetailID], [LoanID], [CopyID], [ReturnDate]) VALUES (58, 284, 35, CAST(N'2022-10-05' AS Date))
INSERT [dbo].[LoanDetails] ([LoanDetailID], [LoanID], [CopyID], [ReturnDate]) VALUES (60, 105, 168, CAST(N'2018-02-03' AS Date))
INSERT [dbo].[LoanDetails] ([LoanDetailID], [LoanID], [CopyID], [ReturnDate]) VALUES (61, 86, 10, CAST(N'2015-10-13' AS Date))
INSERT [dbo].[LoanDetails] ([LoanDetailID], [LoanID], [CopyID], [ReturnDate]) VALUES (62, 281, 80, CAST(N'2016-03-15' AS Date))
INSERT [dbo].[LoanDetails] ([LoanDetailID], [LoanID], [CopyID], [ReturnDate]) VALUES (64, 300, 119, CAST(N'2015-05-29' AS Date))
INSERT [dbo].[LoanDetails] ([LoanDetailID], [LoanID], [CopyID], [ReturnDate]) VALUES (65, 185, 184, CAST(N'2019-04-11' AS Date))
INSERT [dbo].[LoanDetails] ([LoanDetailID], [LoanID], [CopyID], [ReturnDate]) VALUES (66, 21, 75, CAST(N'2023-12-17' AS Date))
INSERT [dbo].[LoanDetails] ([LoanDetailID], [LoanID], [CopyID], [ReturnDate]) VALUES (67, 167, 43, CAST(N'2020-10-26' AS Date))
INSERT [dbo].[LoanDetails] ([LoanDetailID], [LoanID], [CopyID], [ReturnDate]) VALUES (68, 150, 113, CAST(N'2020-08-27' AS Date))
INSERT [dbo].[LoanDetails] ([LoanDetailID], [LoanID], [CopyID], [ReturnDate]) VALUES (69, 222, 50, CAST(N'2020-05-09' AS Date))
INSERT [dbo].[LoanDetails] ([LoanDetailID], [LoanID], [CopyID], [ReturnDate]) VALUES (70, 194, 84, CAST(N'2023-05-24' AS Date))
INSERT [dbo].[LoanDetails] ([LoanDetailID], [LoanID], [CopyID], [ReturnDate]) VALUES (72, 255, 16, CAST(N'2018-06-22' AS Date))
INSERT [dbo].[LoanDetails] ([LoanDetailID], [LoanID], [CopyID], [ReturnDate]) VALUES (73, 101, 192, CAST(N'2019-02-16' AS Date))
INSERT [dbo].[LoanDetails] ([LoanDetailID], [LoanID], [CopyID], [ReturnDate]) VALUES (75, 91, 167, CAST(N'2016-05-25' AS Date))
INSERT [dbo].[LoanDetails] ([LoanDetailID], [LoanID], [CopyID], [ReturnDate]) VALUES (76, 106, 178, CAST(N'2015-11-30' AS Date))
INSERT [dbo].[LoanDetails] ([LoanDetailID], [LoanID], [CopyID], [ReturnDate]) VALUES (78, 55, 156, CAST(N'2020-12-18' AS Date))
INSERT [dbo].[LoanDetails] ([LoanDetailID], [LoanID], [CopyID], [ReturnDate]) VALUES (79, 273, 131, CAST(N'2015-07-09' AS Date))
INSERT [dbo].[LoanDetails] ([LoanDetailID], [LoanID], [CopyID], [ReturnDate]) VALUES (80, 247, 149, CAST(N'2020-07-01' AS Date))
INSERT [dbo].[LoanDetails] ([LoanDetailID], [LoanID], [CopyID], [ReturnDate]) VALUES (82, 104, 114, CAST(N'2019-03-16' AS Date))
INSERT [dbo].[LoanDetails] ([LoanDetailID], [LoanID], [CopyID], [ReturnDate]) VALUES (83, 188, 172, CAST(N'2018-09-09' AS Date))
INSERT [dbo].[LoanDetails] ([LoanDetailID], [LoanID], [CopyID], [ReturnDate]) VALUES (84, 146, 122, CAST(N'2021-12-06' AS Date))
INSERT [dbo].[LoanDetails] ([LoanDetailID], [LoanID], [CopyID], [ReturnDate]) VALUES (85, 206, 43, CAST(N'2021-03-07' AS Date))
INSERT [dbo].[LoanDetails] ([LoanDetailID], [LoanID], [CopyID], [ReturnDate]) VALUES (86, 247, 151, CAST(N'2020-07-01' AS Date))
INSERT [dbo].[LoanDetails] ([LoanDetailID], [LoanID], [CopyID], [ReturnDate]) VALUES (87, 234, 8, CAST(N'2016-06-23' AS Date))
INSERT [dbo].[LoanDetails] ([LoanDetailID], [LoanID], [CopyID], [ReturnDate]) VALUES (88, 108, 167, CAST(N'2021-02-24' AS Date))
INSERT [dbo].[LoanDetails] ([LoanDetailID], [LoanID], [CopyID], [ReturnDate]) VALUES (89, 239, 119, NULL)
INSERT [dbo].[LoanDetails] ([LoanDetailID], [LoanID], [CopyID], [ReturnDate]) VALUES (90, 101, 38, CAST(N'2019-02-16' AS Date))
INSERT [dbo].[LoanDetails] ([LoanDetailID], [LoanID], [CopyID], [ReturnDate]) VALUES (91, 247, 150, CAST(N'2020-07-01' AS Date))
INSERT [dbo].[LoanDetails] ([LoanDetailID], [LoanID], [CopyID], [ReturnDate]) VALUES (92, 300, 38, CAST(N'2015-05-29' AS Date))
INSERT [dbo].[LoanDetails] ([LoanDetailID], [LoanID], [CopyID], [ReturnDate]) VALUES (93, 280, 66, CAST(N'2021-12-26' AS Date))
INSERT [dbo].[LoanDetails] ([LoanDetailID], [LoanID], [CopyID], [ReturnDate]) VALUES (95, 296, 32, CAST(N'2019-10-30' AS Date))
INSERT [dbo].[LoanDetails] ([LoanDetailID], [LoanID], [CopyID], [ReturnDate]) VALUES (96, 39, 111, CAST(N'2020-11-07' AS Date))
INSERT [dbo].[LoanDetails] ([LoanDetailID], [LoanID], [CopyID], [ReturnDate]) VALUES (97, 254, 176, CAST(N'2020-01-17' AS Date))
INSERT [dbo].[LoanDetails] ([LoanDetailID], [LoanID], [CopyID], [ReturnDate]) VALUES (98, 92, 80, CAST(N'2015-11-16' AS Date))
INSERT [dbo].[LoanDetails] ([LoanDetailID], [LoanID], [CopyID], [ReturnDate]) VALUES (99, 275, 116, CAST(N'2020-07-11' AS Date))
INSERT [dbo].[LoanDetails] ([LoanDetailID], [LoanID], [CopyID], [ReturnDate]) VALUES (100, 213, 52, CAST(N'2022-07-29' AS Date))
INSERT [dbo].[LoanDetails] ([LoanDetailID], [LoanID], [CopyID], [ReturnDate]) VALUES (102, 164, 149, CAST(N'2022-07-09' AS Date))
INSERT [dbo].[LoanDetails] ([LoanDetailID], [LoanID], [CopyID], [ReturnDate]) VALUES (103, 71, 81, CAST(N'2023-11-16' AS Date))
INSERT [dbo].[LoanDetails] ([LoanDetailID], [LoanID], [CopyID], [ReturnDate]) VALUES (105, 8, 41, CAST(N'2022-02-10' AS Date))
INSERT [dbo].[LoanDetails] ([LoanDetailID], [LoanID], [CopyID], [ReturnDate]) VALUES (106, 135, 175, CAST(N'2020-05-26' AS Date))
INSERT [dbo].[LoanDetails] ([LoanDetailID], [LoanID], [CopyID], [ReturnDate]) VALUES (107, 68, 129, CAST(N'2015-07-13' AS Date))
INSERT [dbo].[LoanDetails] ([LoanDetailID], [LoanID], [CopyID], [ReturnDate]) VALUES (109, 210, 164, CAST(N'2017-11-28' AS Date))
INSERT [dbo].[LoanDetails] ([LoanDetailID], [LoanID], [CopyID], [ReturnDate]) VALUES (111, 185, 151, CAST(N'2019-04-11' AS Date))
INSERT [dbo].[LoanDetails] ([LoanDetailID], [LoanID], [CopyID], [ReturnDate]) VALUES (112, 293, 7, CAST(N'2016-02-24' AS Date))
INSERT [dbo].[LoanDetails] ([LoanDetailID], [LoanID], [CopyID], [ReturnDate]) VALUES (114, 5, 20, CAST(N'2022-11-06' AS Date))
INSERT [dbo].[LoanDetails] ([LoanDetailID], [LoanID], [CopyID], [ReturnDate]) VALUES (116, 165, 11, CAST(N'2023-08-17' AS Date))
INSERT [dbo].[LoanDetails] ([LoanDetailID], [LoanID], [CopyID], [ReturnDate]) VALUES (117, 293, 150, CAST(N'2016-02-24' AS Date))
INSERT [dbo].[LoanDetails] ([LoanDetailID], [LoanID], [CopyID], [ReturnDate]) VALUES (118, 197, 143, CAST(N'2017-01-05' AS Date))
INSERT [dbo].[LoanDetails] ([LoanDetailID], [LoanID], [CopyID], [ReturnDate]) VALUES (119, 101, 124, CAST(N'2019-02-16' AS Date))
INSERT [dbo].[LoanDetails] ([LoanDetailID], [LoanID], [CopyID], [ReturnDate]) VALUES (120, 105, 194, CAST(N'2018-02-03' AS Date))
INSERT [dbo].[LoanDetails] ([LoanDetailID], [LoanID], [CopyID], [ReturnDate]) VALUES (121, 89, 35, CAST(N'2017-01-01' AS Date))
INSERT [dbo].[LoanDetails] ([LoanDetailID], [LoanID], [CopyID], [ReturnDate]) VALUES (123, 260, 146, CAST(N'2019-06-15' AS Date))
INSERT [dbo].[LoanDetails] ([LoanDetailID], [LoanID], [CopyID], [ReturnDate]) VALUES (124, 98, 80, CAST(N'2017-08-11' AS Date))
INSERT [dbo].[LoanDetails] ([LoanDetailID], [LoanID], [CopyID], [ReturnDate]) VALUES (125, 68, 53, CAST(N'2015-07-13' AS Date))
INSERT [dbo].[LoanDetails] ([LoanDetailID], [LoanID], [CopyID], [ReturnDate]) VALUES (127, 233, 188, CAST(N'2015-07-24' AS Date))
INSERT [dbo].[LoanDetails] ([LoanDetailID], [LoanID], [CopyID], [ReturnDate]) VALUES (128, 22, 67, CAST(N'2020-02-11' AS Date))
INSERT [dbo].[LoanDetails] ([LoanDetailID], [LoanID], [CopyID], [ReturnDate]) VALUES (129, 161, 131, CAST(N'2016-07-11' AS Date))
GO
INSERT [dbo].[LoanDetails] ([LoanDetailID], [LoanID], [CopyID], [ReturnDate]) VALUES (130, 104, 167, CAST(N'2019-03-16' AS Date))
INSERT [dbo].[LoanDetails] ([LoanDetailID], [LoanID], [CopyID], [ReturnDate]) VALUES (131, 168, 116, CAST(N'2018-03-11' AS Date))
INSERT [dbo].[LoanDetails] ([LoanDetailID], [LoanID], [CopyID], [ReturnDate]) VALUES (132, 164, 42, CAST(N'2022-07-09' AS Date))
INSERT [dbo].[LoanDetails] ([LoanDetailID], [LoanID], [CopyID], [ReturnDate]) VALUES (133, 137, 66, CAST(N'2021-12-21' AS Date))
INSERT [dbo].[LoanDetails] ([LoanDetailID], [LoanID], [CopyID], [ReturnDate]) VALUES (134, 202, 99, CAST(N'2017-09-07' AS Date))
INSERT [dbo].[LoanDetails] ([LoanDetailID], [LoanID], [CopyID], [ReturnDate]) VALUES (136, 296, 124, CAST(N'2019-10-30' AS Date))
INSERT [dbo].[LoanDetails] ([LoanDetailID], [LoanID], [CopyID], [ReturnDate]) VALUES (137, 126, 95, CAST(N'2021-09-13' AS Date))
INSERT [dbo].[LoanDetails] ([LoanDetailID], [LoanID], [CopyID], [ReturnDate]) VALUES (138, 299, 111, CAST(N'2018-10-26' AS Date))
INSERT [dbo].[LoanDetails] ([LoanDetailID], [LoanID], [CopyID], [ReturnDate]) VALUES (139, 83, 81, CAST(N'2020-06-29' AS Date))
INSERT [dbo].[LoanDetails] ([LoanDetailID], [LoanID], [CopyID], [ReturnDate]) VALUES (140, 90, 191, CAST(N'2018-09-19' AS Date))
INSERT [dbo].[LoanDetails] ([LoanDetailID], [LoanID], [CopyID], [ReturnDate]) VALUES (141, 213, 190, CAST(N'2022-07-29' AS Date))
INSERT [dbo].[LoanDetails] ([LoanDetailID], [LoanID], [CopyID], [ReturnDate]) VALUES (142, 148, 81, CAST(N'2015-06-06' AS Date))
INSERT [dbo].[LoanDetails] ([LoanDetailID], [LoanID], [CopyID], [ReturnDate]) VALUES (143, 53, 88, CAST(N'2023-03-25' AS Date))
INSERT [dbo].[LoanDetails] ([LoanDetailID], [LoanID], [CopyID], [ReturnDate]) VALUES (145, 94, 66, NULL)
INSERT [dbo].[LoanDetails] ([LoanDetailID], [LoanID], [CopyID], [ReturnDate]) VALUES (146, 200, 24, CAST(N'2019-12-16' AS Date))
INSERT [dbo].[LoanDetails] ([LoanDetailID], [LoanID], [CopyID], [ReturnDate]) VALUES (147, 273, 139, CAST(N'2015-07-09' AS Date))
INSERT [dbo].[LoanDetails] ([LoanDetailID], [LoanID], [CopyID], [ReturnDate]) VALUES (148, 275, 157, CAST(N'2020-07-11' AS Date))
INSERT [dbo].[LoanDetails] ([LoanDetailID], [LoanID], [CopyID], [ReturnDate]) VALUES (149, 174, 31, CAST(N'2020-03-03' AS Date))
INSERT [dbo].[LoanDetails] ([LoanDetailID], [LoanID], [CopyID], [ReturnDate]) VALUES (150, 296, 91, CAST(N'2019-10-30' AS Date))
INSERT [dbo].[LoanDetails] ([LoanDetailID], [LoanID], [CopyID], [ReturnDate]) VALUES (151, 249, 118, CAST(N'2020-10-04' AS Date))
INSERT [dbo].[LoanDetails] ([LoanDetailID], [LoanID], [CopyID], [ReturnDate]) VALUES (152, 69, 70, CAST(N'2015-08-10' AS Date))
INSERT [dbo].[LoanDetails] ([LoanDetailID], [LoanID], [CopyID], [ReturnDate]) VALUES (153, 263, 85, CAST(N'2021-12-12' AS Date))
INSERT [dbo].[LoanDetails] ([LoanDetailID], [LoanID], [CopyID], [ReturnDate]) VALUES (155, 237, 57, CAST(N'2016-01-11' AS Date))
INSERT [dbo].[LoanDetails] ([LoanDetailID], [LoanID], [CopyID], [ReturnDate]) VALUES (157, 297, 174, CAST(N'2020-10-18' AS Date))
INSERT [dbo].[LoanDetails] ([LoanDetailID], [LoanID], [CopyID], [ReturnDate]) VALUES (158, 64, 105, CAST(N'2018-11-03' AS Date))
INSERT [dbo].[LoanDetails] ([LoanDetailID], [LoanID], [CopyID], [ReturnDate]) VALUES (159, 190, 171, CAST(N'2018-01-04' AS Date))
INSERT [dbo].[LoanDetails] ([LoanDetailID], [LoanID], [CopyID], [ReturnDate]) VALUES (160, 177, 189, CAST(N'2020-01-11' AS Date))
INSERT [dbo].[LoanDetails] ([LoanDetailID], [LoanID], [CopyID], [ReturnDate]) VALUES (162, 15, 184, CAST(N'2016-11-07' AS Date))
INSERT [dbo].[LoanDetails] ([LoanDetailID], [LoanID], [CopyID], [ReturnDate]) VALUES (163, 259, 194, CAST(N'2017-09-24' AS Date))
INSERT [dbo].[LoanDetails] ([LoanDetailID], [LoanID], [CopyID], [ReturnDate]) VALUES (164, 119, 103, CAST(N'2017-06-06' AS Date))
INSERT [dbo].[LoanDetails] ([LoanDetailID], [LoanID], [CopyID], [ReturnDate]) VALUES (165, 266, 184, CAST(N'2023-06-29' AS Date))
INSERT [dbo].[LoanDetails] ([LoanDetailID], [LoanID], [CopyID], [ReturnDate]) VALUES (166, 37, 187, CAST(N'2021-04-12' AS Date))
INSERT [dbo].[LoanDetails] ([LoanDetailID], [LoanID], [CopyID], [ReturnDate]) VALUES (167, 14, 153, CAST(N'2017-10-17' AS Date))
INSERT [dbo].[LoanDetails] ([LoanDetailID], [LoanID], [CopyID], [ReturnDate]) VALUES (168, 254, 98, CAST(N'2020-01-17' AS Date))
INSERT [dbo].[LoanDetails] ([LoanDetailID], [LoanID], [CopyID], [ReturnDate]) VALUES (169, 164, 9, CAST(N'2022-07-09' AS Date))
INSERT [dbo].[LoanDetails] ([LoanDetailID], [LoanID], [CopyID], [ReturnDate]) VALUES (170, 101, 27, CAST(N'2019-02-16' AS Date))
INSERT [dbo].[LoanDetails] ([LoanDetailID], [LoanID], [CopyID], [ReturnDate]) VALUES (171, 46, 79, CAST(N'2023-01-31' AS Date))
INSERT [dbo].[LoanDetails] ([LoanDetailID], [LoanID], [CopyID], [ReturnDate]) VALUES (174, 266, 173, CAST(N'2023-06-29' AS Date))
INSERT [dbo].[LoanDetails] ([LoanDetailID], [LoanID], [CopyID], [ReturnDate]) VALUES (175, 103, 187, CAST(N'2020-04-29' AS Date))
INSERT [dbo].[LoanDetails] ([LoanDetailID], [LoanID], [CopyID], [ReturnDate]) VALUES (176, 297, 155, CAST(N'2020-10-18' AS Date))
INSERT [dbo].[LoanDetails] ([LoanDetailID], [LoanID], [CopyID], [ReturnDate]) VALUES (177, 124, 43, CAST(N'2023-04-25' AS Date))
INSERT [dbo].[LoanDetails] ([LoanDetailID], [LoanID], [CopyID], [ReturnDate]) VALUES (178, 46, 13, CAST(N'2023-01-31' AS Date))
INSERT [dbo].[LoanDetails] ([LoanDetailID], [LoanID], [CopyID], [ReturnDate]) VALUES (179, 233, 171, CAST(N'2015-07-24' AS Date))
INSERT [dbo].[LoanDetails] ([LoanDetailID], [LoanID], [CopyID], [ReturnDate]) VALUES (180, 94, 134, CAST(N'2022-01-07' AS Date))
INSERT [dbo].[LoanDetails] ([LoanDetailID], [LoanID], [CopyID], [ReturnDate]) VALUES (181, 13, 156, CAST(N'2018-09-29' AS Date))
INSERT [dbo].[LoanDetails] ([LoanDetailID], [LoanID], [CopyID], [ReturnDate]) VALUES (182, 33, 195, CAST(N'2017-10-30' AS Date))
INSERT [dbo].[LoanDetails] ([LoanDetailID], [LoanID], [CopyID], [ReturnDate]) VALUES (183, 248, 96, CAST(N'2016-10-08' AS Date))
INSERT [dbo].[LoanDetails] ([LoanDetailID], [LoanID], [CopyID], [ReturnDate]) VALUES (184, 17, 48, CAST(N'2022-12-11' AS Date))
INSERT [dbo].[LoanDetails] ([LoanDetailID], [LoanID], [CopyID], [ReturnDate]) VALUES (185, 266, 99, CAST(N'2023-06-29' AS Date))
INSERT [dbo].[LoanDetails] ([LoanDetailID], [LoanID], [CopyID], [ReturnDate]) VALUES (186, 94, 4, CAST(N'2022-01-07' AS Date))
INSERT [dbo].[LoanDetails] ([LoanDetailID], [LoanID], [CopyID], [ReturnDate]) VALUES (187, 249, 134, CAST(N'2020-10-04' AS Date))
INSERT [dbo].[LoanDetails] ([LoanDetailID], [LoanID], [CopyID], [ReturnDate]) VALUES (188, 229, 90, CAST(N'2017-04-03' AS Date))
INSERT [dbo].[LoanDetails] ([LoanDetailID], [LoanID], [CopyID], [ReturnDate]) VALUES (190, 157, 162, CAST(N'2022-05-25' AS Date))
INSERT [dbo].[LoanDetails] ([LoanDetailID], [LoanID], [CopyID], [ReturnDate]) VALUES (191, 197, 33, CAST(N'2017-01-05' AS Date))
INSERT [dbo].[LoanDetails] ([LoanDetailID], [LoanID], [CopyID], [ReturnDate]) VALUES (192, 221, 173, CAST(N'2023-09-18' AS Date))
INSERT [dbo].[LoanDetails] ([LoanDetailID], [LoanID], [CopyID], [ReturnDate]) VALUES (194, 60, 170, CAST(N'2016-06-15' AS Date))
INSERT [dbo].[LoanDetails] ([LoanDetailID], [LoanID], [CopyID], [ReturnDate]) VALUES (195, 259, 39, CAST(N'2017-09-24' AS Date))
INSERT [dbo].[LoanDetails] ([LoanDetailID], [LoanID], [CopyID], [ReturnDate]) VALUES (196, 9, 91, CAST(N'2015-11-17' AS Date))
INSERT [dbo].[LoanDetails] ([LoanDetailID], [LoanID], [CopyID], [ReturnDate]) VALUES (197, 49, 118, CAST(N'2015-08-26' AS Date))
INSERT [dbo].[LoanDetails] ([LoanDetailID], [LoanID], [CopyID], [ReturnDate]) VALUES (199, 176, 165, CAST(N'2017-07-03' AS Date))
INSERT [dbo].[LoanDetails] ([LoanDetailID], [LoanID], [CopyID], [ReturnDate]) VALUES (200, 144, 107, CAST(N'2019-03-18' AS Date))
INSERT [dbo].[LoanDetails] ([LoanDetailID], [LoanID], [CopyID], [ReturnDate]) VALUES (201, 275, 66, CAST(N'2020-07-11' AS Date))
INSERT [dbo].[LoanDetails] ([LoanDetailID], [LoanID], [CopyID], [ReturnDate]) VALUES (202, 86, 118, CAST(N'2015-10-13' AS Date))
INSERT [dbo].[LoanDetails] ([LoanDetailID], [LoanID], [CopyID], [ReturnDate]) VALUES (203, 190, 76, CAST(N'2018-01-04' AS Date))
INSERT [dbo].[LoanDetails] ([LoanDetailID], [LoanID], [CopyID], [ReturnDate]) VALUES (204, 295, 11, CAST(N'2016-11-14' AS Date))
INSERT [dbo].[LoanDetails] ([LoanDetailID], [LoanID], [CopyID], [ReturnDate]) VALUES (206, 200, 89, CAST(N'2019-12-16' AS Date))
INSERT [dbo].[LoanDetails] ([LoanDetailID], [LoanID], [CopyID], [ReturnDate]) VALUES (207, 234, 150, CAST(N'2016-06-23' AS Date))
INSERT [dbo].[LoanDetails] ([LoanDetailID], [LoanID], [CopyID], [ReturnDate]) VALUES (208, 107, 147, CAST(N'2018-06-03' AS Date))
INSERT [dbo].[LoanDetails] ([LoanDetailID], [LoanID], [CopyID], [ReturnDate]) VALUES (209, 137, 70, CAST(N'2021-12-21' AS Date))
INSERT [dbo].[LoanDetails] ([LoanDetailID], [LoanID], [CopyID], [ReturnDate]) VALUES (210, 247, 140, CAST(N'2020-07-01' AS Date))
INSERT [dbo].[LoanDetails] ([LoanDetailID], [LoanID], [CopyID], [ReturnDate]) VALUES (211, 252, 181, CAST(N'2022-12-08' AS Date))
INSERT [dbo].[LoanDetails] ([LoanDetailID], [LoanID], [CopyID], [ReturnDate]) VALUES (212, 148, 122, CAST(N'2015-06-06' AS Date))
INSERT [dbo].[LoanDetails] ([LoanDetailID], [LoanID], [CopyID], [ReturnDate]) VALUES (213, 222, 153, CAST(N'2020-05-09' AS Date))
INSERT [dbo].[LoanDetails] ([LoanDetailID], [LoanID], [CopyID], [ReturnDate]) VALUES (214, 132, 42, CAST(N'2020-06-01' AS Date))
INSERT [dbo].[LoanDetails] ([LoanDetailID], [LoanID], [CopyID], [ReturnDate]) VALUES (215, 55, 11, CAST(N'2020-12-18' AS Date))
INSERT [dbo].[LoanDetails] ([LoanDetailID], [LoanID], [CopyID], [ReturnDate]) VALUES (218, 109, 33, CAST(N'2018-02-21' AS Date))
INSERT [dbo].[LoanDetails] ([LoanDetailID], [LoanID], [CopyID], [ReturnDate]) VALUES (219, 205, 51, CAST(N'2021-02-09' AS Date))
INSERT [dbo].[LoanDetails] ([LoanDetailID], [LoanID], [CopyID], [ReturnDate]) VALUES (220, 160, 152, CAST(N'2016-01-21' AS Date))
INSERT [dbo].[LoanDetails] ([LoanDetailID], [LoanID], [CopyID], [ReturnDate]) VALUES (223, 174, 123, CAST(N'2020-03-03' AS Date))
INSERT [dbo].[LoanDetails] ([LoanDetailID], [LoanID], [CopyID], [ReturnDate]) VALUES (224, 240, 40, CAST(N'2022-03-30' AS Date))
INSERT [dbo].[LoanDetails] ([LoanDetailID], [LoanID], [CopyID], [ReturnDate]) VALUES (225, 241, 94, CAST(N'2021-07-15' AS Date))
INSERT [dbo].[LoanDetails] ([LoanDetailID], [LoanID], [CopyID], [ReturnDate]) VALUES (226, 276, 149, CAST(N'2016-02-27' AS Date))
INSERT [dbo].[LoanDetails] ([LoanDetailID], [LoanID], [CopyID], [ReturnDate]) VALUES (227, 88, 45, CAST(N'2022-02-18' AS Date))
INSERT [dbo].[LoanDetails] ([LoanDetailID], [LoanID], [CopyID], [ReturnDate]) VALUES (229, 20, 183, CAST(N'2022-12-23' AS Date))
INSERT [dbo].[LoanDetails] ([LoanDetailID], [LoanID], [CopyID], [ReturnDate]) VALUES (230, 177, 61, CAST(N'2020-01-11' AS Date))
INSERT [dbo].[LoanDetails] ([LoanDetailID], [LoanID], [CopyID], [ReturnDate]) VALUES (231, 205, 108, CAST(N'2021-02-09' AS Date))
INSERT [dbo].[LoanDetails] ([LoanDetailID], [LoanID], [CopyID], [ReturnDate]) VALUES (232, 214, 132, CAST(N'2018-11-08' AS Date))
INSERT [dbo].[LoanDetails] ([LoanDetailID], [LoanID], [CopyID], [ReturnDate]) VALUES (233, 135, 1, CAST(N'2020-05-26' AS Date))
INSERT [dbo].[LoanDetails] ([LoanDetailID], [LoanID], [CopyID], [ReturnDate]) VALUES (234, 205, 100, CAST(N'2021-02-09' AS Date))
INSERT [dbo].[LoanDetails] ([LoanDetailID], [LoanID], [CopyID], [ReturnDate]) VALUES (235, 47, 68, CAST(N'2023-04-03' AS Date))
INSERT [dbo].[LoanDetails] ([LoanDetailID], [LoanID], [CopyID], [ReturnDate]) VALUES (236, 105, 176, CAST(N'2018-02-03' AS Date))
INSERT [dbo].[LoanDetails] ([LoanDetailID], [LoanID], [CopyID], [ReturnDate]) VALUES (237, 9, 33, CAST(N'2015-11-17' AS Date))
INSERT [dbo].[LoanDetails] ([LoanDetailID], [LoanID], [CopyID], [ReturnDate]) VALUES (238, 36, 54, CAST(N'2018-11-28' AS Date))
INSERT [dbo].[LoanDetails] ([LoanDetailID], [LoanID], [CopyID], [ReturnDate]) VALUES (239, 36, 156, CAST(N'2018-11-28' AS Date))
INSERT [dbo].[LoanDetails] ([LoanDetailID], [LoanID], [CopyID], [ReturnDate]) VALUES (240, 11, 7, CAST(N'2023-07-23' AS Date))
INSERT [dbo].[LoanDetails] ([LoanDetailID], [LoanID], [CopyID], [ReturnDate]) VALUES (241, 189, 97, CAST(N'2017-11-09' AS Date))
INSERT [dbo].[LoanDetails] ([LoanDetailID], [LoanID], [CopyID], [ReturnDate]) VALUES (243, 195, 149, CAST(N'2022-05-26' AS Date))
INSERT [dbo].[LoanDetails] ([LoanDetailID], [LoanID], [CopyID], [ReturnDate]) VALUES (244, 128, 117, CAST(N'2017-03-10' AS Date))
INSERT [dbo].[LoanDetails] ([LoanDetailID], [LoanID], [CopyID], [ReturnDate]) VALUES (245, 286, 149, CAST(N'2023-07-17' AS Date))
INSERT [dbo].[LoanDetails] ([LoanDetailID], [LoanID], [CopyID], [ReturnDate]) VALUES (246, 258, 179, CAST(N'2020-12-08' AS Date))
GO
INSERT [dbo].[LoanDetails] ([LoanDetailID], [LoanID], [CopyID], [ReturnDate]) VALUES (247, 300, 129, CAST(N'2015-05-29' AS Date))
INSERT [dbo].[LoanDetails] ([LoanDetailID], [LoanID], [CopyID], [ReturnDate]) VALUES (250, 12, 25, CAST(N'2018-03-17' AS Date))
INSERT [dbo].[LoanDetails] ([LoanDetailID], [LoanID], [CopyID], [ReturnDate]) VALUES (251, 136, 180, CAST(N'2017-06-23' AS Date))
INSERT [dbo].[LoanDetails] ([LoanDetailID], [LoanID], [CopyID], [ReturnDate]) VALUES (252, 131, 77, CAST(N'2020-05-23' AS Date))
INSERT [dbo].[LoanDetails] ([LoanDetailID], [LoanID], [CopyID], [ReturnDate]) VALUES (254, 297, 19, CAST(N'2020-10-18' AS Date))
INSERT [dbo].[LoanDetails] ([LoanDetailID], [LoanID], [CopyID], [ReturnDate]) VALUES (255, 10, 93, CAST(N'2018-05-07' AS Date))
INSERT [dbo].[LoanDetails] ([LoanDetailID], [LoanID], [CopyID], [ReturnDate]) VALUES (257, 160, 81, CAST(N'2016-01-21' AS Date))
INSERT [dbo].[LoanDetails] ([LoanDetailID], [LoanID], [CopyID], [ReturnDate]) VALUES (258, 67, 91, CAST(N'2019-04-19' AS Date))
INSERT [dbo].[LoanDetails] ([LoanDetailID], [LoanID], [CopyID], [ReturnDate]) VALUES (259, 119, 178, CAST(N'2017-06-06' AS Date))
INSERT [dbo].[LoanDetails] ([LoanDetailID], [LoanID], [CopyID], [ReturnDate]) VALUES (260, 140, 111, CAST(N'2017-01-14' AS Date))
INSERT [dbo].[LoanDetails] ([LoanDetailID], [LoanID], [CopyID], [ReturnDate]) VALUES (262, 146, 10, CAST(N'2021-12-06' AS Date))
INSERT [dbo].[LoanDetails] ([LoanDetailID], [LoanID], [CopyID], [ReturnDate]) VALUES (263, 152, 190, CAST(N'2015-11-09' AS Date))
INSERT [dbo].[LoanDetails] ([LoanDetailID], [LoanID], [CopyID], [ReturnDate]) VALUES (264, 2, 184, CAST(N'2023-08-27' AS Date))
INSERT [dbo].[LoanDetails] ([LoanDetailID], [LoanID], [CopyID], [ReturnDate]) VALUES (265, 244, 43, CAST(N'2023-01-05' AS Date))
INSERT [dbo].[LoanDetails] ([LoanDetailID], [LoanID], [CopyID], [ReturnDate]) VALUES (266, 235, 167, CAST(N'2023-04-26' AS Date))
INSERT [dbo].[LoanDetails] ([LoanDetailID], [LoanID], [CopyID], [ReturnDate]) VALUES (267, 248, 127, CAST(N'2016-10-08' AS Date))
INSERT [dbo].[LoanDetails] ([LoanDetailID], [LoanID], [CopyID], [ReturnDate]) VALUES (268, 235, 65, CAST(N'2023-04-26' AS Date))
INSERT [dbo].[LoanDetails] ([LoanDetailID], [LoanID], [CopyID], [ReturnDate]) VALUES (269, 242, 111, CAST(N'2019-02-20' AS Date))
INSERT [dbo].[LoanDetails] ([LoanDetailID], [LoanID], [CopyID], [ReturnDate]) VALUES (270, 214, 124, CAST(N'2018-11-08' AS Date))
INSERT [dbo].[LoanDetails] ([LoanDetailID], [LoanID], [CopyID], [ReturnDate]) VALUES (271, 243, 185, CAST(N'2015-11-09' AS Date))
INSERT [dbo].[LoanDetails] ([LoanDetailID], [LoanID], [CopyID], [ReturnDate]) VALUES (272, 210, 66, CAST(N'2017-11-28' AS Date))
INSERT [dbo].[LoanDetails] ([LoanDetailID], [LoanID], [CopyID], [ReturnDate]) VALUES (273, 87, 82, CAST(N'2020-06-18' AS Date))
INSERT [dbo].[LoanDetails] ([LoanDetailID], [LoanID], [CopyID], [ReturnDate]) VALUES (275, 240, 143, CAST(N'2022-03-30' AS Date))
INSERT [dbo].[LoanDetails] ([LoanDetailID], [LoanID], [CopyID], [ReturnDate]) VALUES (276, 277, 70, CAST(N'2020-11-08' AS Date))
INSERT [dbo].[LoanDetails] ([LoanDetailID], [LoanID], [CopyID], [ReturnDate]) VALUES (277, 234, 47, CAST(N'2016-06-23' AS Date))
INSERT [dbo].[LoanDetails] ([LoanDetailID], [LoanID], [CopyID], [ReturnDate]) VALUES (279, 74, 57, CAST(N'2019-08-19' AS Date))
INSERT [dbo].[LoanDetails] ([LoanDetailID], [LoanID], [CopyID], [ReturnDate]) VALUES (282, 142, 169, CAST(N'2020-08-30' AS Date))
INSERT [dbo].[LoanDetails] ([LoanDetailID], [LoanID], [CopyID], [ReturnDate]) VALUES (283, 185, 189, CAST(N'2019-04-11' AS Date))
INSERT [dbo].[LoanDetails] ([LoanDetailID], [LoanID], [CopyID], [ReturnDate]) VALUES (284, 131, 127, CAST(N'2020-05-23' AS Date))
INSERT [dbo].[LoanDetails] ([LoanDetailID], [LoanID], [CopyID], [ReturnDate]) VALUES (286, 213, 95, CAST(N'2022-07-29' AS Date))
INSERT [dbo].[LoanDetails] ([LoanDetailID], [LoanID], [CopyID], [ReturnDate]) VALUES (288, 256, 157, CAST(N'2018-08-15' AS Date))
INSERT [dbo].[LoanDetails] ([LoanDetailID], [LoanID], [CopyID], [ReturnDate]) VALUES (289, 117, 28, CAST(N'2016-07-26' AS Date))
INSERT [dbo].[LoanDetails] ([LoanDetailID], [LoanID], [CopyID], [ReturnDate]) VALUES (290, 233, 89, CAST(N'2015-07-24' AS Date))
INSERT [dbo].[LoanDetails] ([LoanDetailID], [LoanID], [CopyID], [ReturnDate]) VALUES (291, 274, 25, CAST(N'2020-08-05' AS Date))
INSERT [dbo].[LoanDetails] ([LoanDetailID], [LoanID], [CopyID], [ReturnDate]) VALUES (292, 127, 168, CAST(N'2015-06-12' AS Date))
INSERT [dbo].[LoanDetails] ([LoanDetailID], [LoanID], [CopyID], [ReturnDate]) VALUES (293, 93, 65, CAST(N'2018-07-09' AS Date))
INSERT [dbo].[LoanDetails] ([LoanDetailID], [LoanID], [CopyID], [ReturnDate]) VALUES (294, 208, 122, CAST(N'2016-06-17' AS Date))
INSERT [dbo].[LoanDetails] ([LoanDetailID], [LoanID], [CopyID], [ReturnDate]) VALUES (296, 183, 183, CAST(N'2015-07-02' AS Date))
INSERT [dbo].[LoanDetails] ([LoanDetailID], [LoanID], [CopyID], [ReturnDate]) VALUES (297, 235, 40, CAST(N'2023-04-26' AS Date))
INSERT [dbo].[LoanDetails] ([LoanDetailID], [LoanID], [CopyID], [ReturnDate]) VALUES (298, 72, 24, CAST(N'2016-07-24' AS Date))
INSERT [dbo].[LoanDetails] ([LoanDetailID], [LoanID], [CopyID], [ReturnDate]) VALUES (299, 70, 44, CAST(N'2021-09-25' AS Date))
INSERT [dbo].[LoanDetails] ([LoanDetailID], [LoanID], [CopyID], [ReturnDate]) VALUES (300, 242, 74, CAST(N'2019-02-20' AS Date))
INSERT [dbo].[LoanDetails] ([LoanDetailID], [LoanID], [CopyID], [ReturnDate]) VALUES (301, 68, 119, CAST(N'2015-07-13' AS Date))
INSERT [dbo].[LoanDetails] ([LoanDetailID], [LoanID], [CopyID], [ReturnDate]) VALUES (303, 264, 80, CAST(N'2016-02-03' AS Date))
INSERT [dbo].[LoanDetails] ([LoanDetailID], [LoanID], [CopyID], [ReturnDate]) VALUES (304, 150, 32, CAST(N'2020-08-27' AS Date))
INSERT [dbo].[LoanDetails] ([LoanDetailID], [LoanID], [CopyID], [ReturnDate]) VALUES (305, 272, 154, CAST(N'2019-07-21' AS Date))
INSERT [dbo].[LoanDetails] ([LoanDetailID], [LoanID], [CopyID], [ReturnDate]) VALUES (306, 259, 114, CAST(N'2017-09-24' AS Date))
INSERT [dbo].[LoanDetails] ([LoanDetailID], [LoanID], [CopyID], [ReturnDate]) VALUES (307, 49, 168, CAST(N'2015-08-26' AS Date))
INSERT [dbo].[LoanDetails] ([LoanDetailID], [LoanID], [CopyID], [ReturnDate]) VALUES (308, 91, 20, CAST(N'2016-05-25' AS Date))
INSERT [dbo].[LoanDetails] ([LoanDetailID], [LoanID], [CopyID], [ReturnDate]) VALUES (309, 49, 45, CAST(N'2015-08-26' AS Date))
INSERT [dbo].[LoanDetails] ([LoanDetailID], [LoanID], [CopyID], [ReturnDate]) VALUES (310, 295, 38, CAST(N'2016-11-14' AS Date))
INSERT [dbo].[LoanDetails] ([LoanDetailID], [LoanID], [CopyID], [ReturnDate]) VALUES (312, 185, 65, CAST(N'2019-04-11' AS Date))
INSERT [dbo].[LoanDetails] ([LoanDetailID], [LoanID], [CopyID], [ReturnDate]) VALUES (313, 279, 151, CAST(N'2023-03-31' AS Date))
INSERT [dbo].[LoanDetails] ([LoanDetailID], [LoanID], [CopyID], [ReturnDate]) VALUES (314, 218, 2, CAST(N'2020-10-10' AS Date))
INSERT [dbo].[LoanDetails] ([LoanDetailID], [LoanID], [CopyID], [ReturnDate]) VALUES (317, 201, 112, CAST(N'2019-03-15' AS Date))
INSERT [dbo].[LoanDetails] ([LoanDetailID], [LoanID], [CopyID], [ReturnDate]) VALUES (318, 26, 47, CAST(N'2022-07-22' AS Date))
INSERT [dbo].[LoanDetails] ([LoanDetailID], [LoanID], [CopyID], [ReturnDate]) VALUES (320, 139, 151, CAST(N'2018-11-25' AS Date))
INSERT [dbo].[LoanDetails] ([LoanDetailID], [LoanID], [CopyID], [ReturnDate]) VALUES (321, 257, 146, CAST(N'2016-11-05' AS Date))
INSERT [dbo].[LoanDetails] ([LoanDetailID], [LoanID], [CopyID], [ReturnDate]) VALUES (322, 64, 133, CAST(N'2018-11-03' AS Date))
INSERT [dbo].[LoanDetails] ([LoanDetailID], [LoanID], [CopyID], [ReturnDate]) VALUES (323, 159, 71, CAST(N'2016-01-21' AS Date))
INSERT [dbo].[LoanDetails] ([LoanDetailID], [LoanID], [CopyID], [ReturnDate]) VALUES (324, 232, 185, CAST(N'2021-03-05' AS Date))
INSERT [dbo].[LoanDetails] ([LoanDetailID], [LoanID], [CopyID], [ReturnDate]) VALUES (325, 216, 119, CAST(N'2022-01-12' AS Date))
INSERT [dbo].[LoanDetails] ([LoanDetailID], [LoanID], [CopyID], [ReturnDate]) VALUES (326, 223, 86, CAST(N'2022-06-22' AS Date))
INSERT [dbo].[LoanDetails] ([LoanDetailID], [LoanID], [CopyID], [ReturnDate]) VALUES (327, 17, 109, CAST(N'2022-12-11' AS Date))
INSERT [dbo].[LoanDetails] ([LoanDetailID], [LoanID], [CopyID], [ReturnDate]) VALUES (328, 158, 128, CAST(N'2017-03-19' AS Date))
INSERT [dbo].[LoanDetails] ([LoanDetailID], [LoanID], [CopyID], [ReturnDate]) VALUES (329, 23, 85, CAST(N'2017-12-12' AS Date))
INSERT [dbo].[LoanDetails] ([LoanDetailID], [LoanID], [CopyID], [ReturnDate]) VALUES (331, 14, 52, CAST(N'2017-10-17' AS Date))
INSERT [dbo].[LoanDetails] ([LoanDetailID], [LoanID], [CopyID], [ReturnDate]) VALUES (332, 27, 173, CAST(N'2018-03-10' AS Date))
INSERT [dbo].[LoanDetails] ([LoanDetailID], [LoanID], [CopyID], [ReturnDate]) VALUES (334, 55, 184, CAST(N'2020-12-18' AS Date))
INSERT [dbo].[LoanDetails] ([LoanDetailID], [LoanID], [CopyID], [ReturnDate]) VALUES (336, 174, 85, CAST(N'2020-03-03' AS Date))
INSERT [dbo].[LoanDetails] ([LoanDetailID], [LoanID], [CopyID], [ReturnDate]) VALUES (337, 109, 147, CAST(N'2018-02-21' AS Date))
INSERT [dbo].[LoanDetails] ([LoanDetailID], [LoanID], [CopyID], [ReturnDate]) VALUES (338, 68, 16, CAST(N'2015-07-13' AS Date))
INSERT [dbo].[LoanDetails] ([LoanDetailID], [LoanID], [CopyID], [ReturnDate]) VALUES (339, 112, 197, CAST(N'2015-04-13' AS Date))
INSERT [dbo].[LoanDetails] ([LoanDetailID], [LoanID], [CopyID], [ReturnDate]) VALUES (340, 67, 125, CAST(N'2019-04-19' AS Date))
INSERT [dbo].[LoanDetails] ([LoanDetailID], [LoanID], [CopyID], [ReturnDate]) VALUES (342, 161, 7, CAST(N'2016-07-11' AS Date))
INSERT [dbo].[LoanDetails] ([LoanDetailID], [LoanID], [CopyID], [ReturnDate]) VALUES (343, 31, 180, CAST(N'2017-08-02' AS Date))
INSERT [dbo].[LoanDetails] ([LoanDetailID], [LoanID], [CopyID], [ReturnDate]) VALUES (345, 149, 143, CAST(N'2020-08-04' AS Date))
INSERT [dbo].[LoanDetails] ([LoanDetailID], [LoanID], [CopyID], [ReturnDate]) VALUES (346, 50, 103, CAST(N'2022-05-11' AS Date))
INSERT [dbo].[LoanDetails] ([LoanDetailID], [LoanID], [CopyID], [ReturnDate]) VALUES (347, 167, 123, CAST(N'2020-10-26' AS Date))
INSERT [dbo].[LoanDetails] ([LoanDetailID], [LoanID], [CopyID], [ReturnDate]) VALUES (348, 36, 185, CAST(N'2018-11-28' AS Date))
INSERT [dbo].[LoanDetails] ([LoanDetailID], [LoanID], [CopyID], [ReturnDate]) VALUES (349, 107, 117, CAST(N'2018-06-03' AS Date))
INSERT [dbo].[LoanDetails] ([LoanDetailID], [LoanID], [CopyID], [ReturnDate]) VALUES (350, 200, 53, CAST(N'2019-12-16' AS Date))
INSERT [dbo].[LoanDetails] ([LoanDetailID], [LoanID], [CopyID], [ReturnDate]) VALUES (351, 3, 17, CAST(N'2016-12-01' AS Date))
INSERT [dbo].[LoanDetails] ([LoanDetailID], [LoanID], [CopyID], [ReturnDate]) VALUES (352, 177, 34, CAST(N'2020-01-11' AS Date))
INSERT [dbo].[LoanDetails] ([LoanDetailID], [LoanID], [CopyID], [ReturnDate]) VALUES (353, 190, 21, CAST(N'2018-01-04' AS Date))
INSERT [dbo].[LoanDetails] ([LoanDetailID], [LoanID], [CopyID], [ReturnDate]) VALUES (354, 70, 157, CAST(N'2021-09-25' AS Date))
INSERT [dbo].[LoanDetails] ([LoanDetailID], [LoanID], [CopyID], [ReturnDate]) VALUES (356, 127, 71, CAST(N'2015-06-12' AS Date))
INSERT [dbo].[LoanDetails] ([LoanDetailID], [LoanID], [CopyID], [ReturnDate]) VALUES (357, 208, 169, CAST(N'2016-06-17' AS Date))
INSERT [dbo].[LoanDetails] ([LoanDetailID], [LoanID], [CopyID], [ReturnDate]) VALUES (358, 9, 45, CAST(N'2015-11-17' AS Date))
INSERT [dbo].[LoanDetails] ([LoanDetailID], [LoanID], [CopyID], [ReturnDate]) VALUES (359, 161, 32, CAST(N'2016-07-11' AS Date))
INSERT [dbo].[LoanDetails] ([LoanDetailID], [LoanID], [CopyID], [ReturnDate]) VALUES (360, 262, 136, CAST(N'2015-08-28' AS Date))
INSERT [dbo].[LoanDetails] ([LoanDetailID], [LoanID], [CopyID], [ReturnDate]) VALUES (361, 185, 87, CAST(N'2019-04-11' AS Date))
INSERT [dbo].[LoanDetails] ([LoanDetailID], [LoanID], [CopyID], [ReturnDate]) VALUES (362, 126, 98, CAST(N'2021-09-13' AS Date))
INSERT [dbo].[LoanDetails] ([LoanDetailID], [LoanID], [CopyID], [ReturnDate]) VALUES (364, 295, 185, CAST(N'2016-11-14' AS Date))
INSERT [dbo].[LoanDetails] ([LoanDetailID], [LoanID], [CopyID], [ReturnDate]) VALUES (365, 151, 141, CAST(N'2018-06-28' AS Date))
INSERT [dbo].[LoanDetails] ([LoanDetailID], [LoanID], [CopyID], [ReturnDate]) VALUES (366, 232, 156, CAST(N'2021-03-05' AS Date))
INSERT [dbo].[LoanDetails] ([LoanDetailID], [LoanID], [CopyID], [ReturnDate]) VALUES (367, 285, 166, CAST(N'2017-12-05' AS Date))
INSERT [dbo].[LoanDetails] ([LoanDetailID], [LoanID], [CopyID], [ReturnDate]) VALUES (368, 127, 144, CAST(N'2015-06-12' AS Date))
INSERT [dbo].[LoanDetails] ([LoanDetailID], [LoanID], [CopyID], [ReturnDate]) VALUES (370, 153, 182, CAST(N'2019-01-30' AS Date))
INSERT [dbo].[LoanDetails] ([LoanDetailID], [LoanID], [CopyID], [ReturnDate]) VALUES (371, 214, 70, CAST(N'2018-11-08' AS Date))
GO
INSERT [dbo].[LoanDetails] ([LoanDetailID], [LoanID], [CopyID], [ReturnDate]) VALUES (372, 117, 14, CAST(N'2016-07-26' AS Date))
INSERT [dbo].[LoanDetails] ([LoanDetailID], [LoanID], [CopyID], [ReturnDate]) VALUES (376, 257, 143, CAST(N'2016-11-05' AS Date))
INSERT [dbo].[LoanDetails] ([LoanDetailID], [LoanID], [CopyID], [ReturnDate]) VALUES (377, 129, 78, CAST(N'2022-01-16' AS Date))
INSERT [dbo].[LoanDetails] ([LoanDetailID], [LoanID], [CopyID], [ReturnDate]) VALUES (378, 199, 61, CAST(N'2018-10-31' AS Date))
INSERT [dbo].[LoanDetails] ([LoanDetailID], [LoanID], [CopyID], [ReturnDate]) VALUES (380, 27, 170, CAST(N'2018-03-10' AS Date))
INSERT [dbo].[LoanDetails] ([LoanDetailID], [LoanID], [CopyID], [ReturnDate]) VALUES (382, 150, 192, CAST(N'2020-08-27' AS Date))
INSERT [dbo].[LoanDetails] ([LoanDetailID], [LoanID], [CopyID], [ReturnDate]) VALUES (383, 8, 46, CAST(N'2022-02-10' AS Date))
INSERT [dbo].[LoanDetails] ([LoanDetailID], [LoanID], [CopyID], [ReturnDate]) VALUES (384, 24, 173, CAST(N'2022-05-24' AS Date))
INSERT [dbo].[LoanDetails] ([LoanDetailID], [LoanID], [CopyID], [ReturnDate]) VALUES (385, 289, 48, CAST(N'2016-02-08' AS Date))
INSERT [dbo].[LoanDetails] ([LoanDetailID], [LoanID], [CopyID], [ReturnDate]) VALUES (386, 36, 157, CAST(N'2018-11-28' AS Date))
INSERT [dbo].[LoanDetails] ([LoanDetailID], [LoanID], [CopyID], [ReturnDate]) VALUES (387, 55, 103, CAST(N'2020-12-18' AS Date))
INSERT [dbo].[LoanDetails] ([LoanDetailID], [LoanID], [CopyID], [ReturnDate]) VALUES (390, 154, 180, CAST(N'2018-05-07' AS Date))
INSERT [dbo].[LoanDetails] ([LoanDetailID], [LoanID], [CopyID], [ReturnDate]) VALUES (391, 285, 40, CAST(N'2017-12-05' AS Date))
INSERT [dbo].[LoanDetails] ([LoanDetailID], [LoanID], [CopyID], [ReturnDate]) VALUES (392, 119, 105, CAST(N'2017-06-06' AS Date))
INSERT [dbo].[LoanDetails] ([LoanDetailID], [LoanID], [CopyID], [ReturnDate]) VALUES (393, 49, 91, CAST(N'2015-08-26' AS Date))
INSERT [dbo].[LoanDetails] ([LoanDetailID], [LoanID], [CopyID], [ReturnDate]) VALUES (394, 216, 31, CAST(N'2022-01-12' AS Date))
INSERT [dbo].[LoanDetails] ([LoanDetailID], [LoanID], [CopyID], [ReturnDate]) VALUES (395, 79, 93, CAST(N'2015-05-20' AS Date))
INSERT [dbo].[LoanDetails] ([LoanDetailID], [LoanID], [CopyID], [ReturnDate]) VALUES (397, 108, 51, CAST(N'2021-02-24' AS Date))
INSERT [dbo].[LoanDetails] ([LoanDetailID], [LoanID], [CopyID], [ReturnDate]) VALUES (398, 137, 179, CAST(N'2021-12-21' AS Date))
INSERT [dbo].[LoanDetails] ([LoanDetailID], [LoanID], [CopyID], [ReturnDate]) VALUES (399, 201, 160, CAST(N'2019-03-15' AS Date))
INSERT [dbo].[LoanDetails] ([LoanDetailID], [LoanID], [CopyID], [ReturnDate]) VALUES (400, 295, 124, CAST(N'2016-11-14' AS Date))
INSERT [dbo].[LoanDetails] ([LoanDetailID], [LoanID], [CopyID], [ReturnDate]) VALUES (401, 14, 88, CAST(N'2017-10-17' AS Date))
INSERT [dbo].[LoanDetails] ([LoanDetailID], [LoanID], [CopyID], [ReturnDate]) VALUES (403, 93, 180, CAST(N'2018-07-09' AS Date))
INSERT [dbo].[LoanDetails] ([LoanDetailID], [LoanID], [CopyID], [ReturnDate]) VALUES (404, 98, 190, CAST(N'2017-08-11' AS Date))
INSERT [dbo].[LoanDetails] ([LoanDetailID], [LoanID], [CopyID], [ReturnDate]) VALUES (406, 275, 165, CAST(N'2020-07-11' AS Date))
INSERT [dbo].[LoanDetails] ([LoanDetailID], [LoanID], [CopyID], [ReturnDate]) VALUES (407, 241, 135, CAST(N'2021-07-15' AS Date))
INSERT [dbo].[LoanDetails] ([LoanDetailID], [LoanID], [CopyID], [ReturnDate]) VALUES (408, 164, 165, CAST(N'2022-07-09' AS Date))
INSERT [dbo].[LoanDetails] ([LoanDetailID], [LoanID], [CopyID], [ReturnDate]) VALUES (409, 180, 3, CAST(N'2022-02-03' AS Date))
INSERT [dbo].[LoanDetails] ([LoanDetailID], [LoanID], [CopyID], [ReturnDate]) VALUES (410, 79, 119, CAST(N'2015-05-20' AS Date))
INSERT [dbo].[LoanDetails] ([LoanDetailID], [LoanID], [CopyID], [ReturnDate]) VALUES (411, 232, 95, CAST(N'2021-03-05' AS Date))
INSERT [dbo].[LoanDetails] ([LoanDetailID], [LoanID], [CopyID], [ReturnDate]) VALUES (413, 66, 122, CAST(N'2021-12-31' AS Date))
INSERT [dbo].[LoanDetails] ([LoanDetailID], [LoanID], [CopyID], [ReturnDate]) VALUES (414, 118, 104, CAST(N'2023-05-01' AS Date))
INSERT [dbo].[LoanDetails] ([LoanDetailID], [LoanID], [CopyID], [ReturnDate]) VALUES (415, 249, 154, CAST(N'2020-10-04' AS Date))
INSERT [dbo].[LoanDetails] ([LoanDetailID], [LoanID], [CopyID], [ReturnDate]) VALUES (418, 216, 14, CAST(N'2022-01-12' AS Date))
INSERT [dbo].[LoanDetails] ([LoanDetailID], [LoanID], [CopyID], [ReturnDate]) VALUES (419, 291, 161, CAST(N'2015-07-17' AS Date))
INSERT [dbo].[LoanDetails] ([LoanDetailID], [LoanID], [CopyID], [ReturnDate]) VALUES (420, 85, 113, CAST(N'2018-12-31' AS Date))
INSERT [dbo].[LoanDetails] ([LoanDetailID], [LoanID], [CopyID], [ReturnDate]) VALUES (421, 167, 145, CAST(N'2020-10-26' AS Date))
INSERT [dbo].[LoanDetails] ([LoanDetailID], [LoanID], [CopyID], [ReturnDate]) VALUES (422, 196, 148, CAST(N'2023-03-12' AS Date))
INSERT [dbo].[LoanDetails] ([LoanDetailID], [LoanID], [CopyID], [ReturnDate]) VALUES (423, 285, 31, CAST(N'2017-12-05' AS Date))
INSERT [dbo].[LoanDetails] ([LoanDetailID], [LoanID], [CopyID], [ReturnDate]) VALUES (426, 143, 43, CAST(N'2019-07-21' AS Date))
INSERT [dbo].[LoanDetails] ([LoanDetailID], [LoanID], [CopyID], [ReturnDate]) VALUES (427, 89, 110, CAST(N'2017-01-01' AS Date))
INSERT [dbo].[LoanDetails] ([LoanDetailID], [LoanID], [CopyID], [ReturnDate]) VALUES (428, 260, 22, CAST(N'2019-06-15' AS Date))
INSERT [dbo].[LoanDetails] ([LoanDetailID], [LoanID], [CopyID], [ReturnDate]) VALUES (429, 226, 160, CAST(N'2015-10-23' AS Date))
INSERT [dbo].[LoanDetails] ([LoanDetailID], [LoanID], [CopyID], [ReturnDate]) VALUES (430, 64, 81, CAST(N'2018-11-03' AS Date))
INSERT [dbo].[LoanDetails] ([LoanDetailID], [LoanID], [CopyID], [ReturnDate]) VALUES (431, 297, 163, CAST(N'2020-10-18' AS Date))
INSERT [dbo].[LoanDetails] ([LoanDetailID], [LoanID], [CopyID], [ReturnDate]) VALUES (432, 248, 45, CAST(N'2016-10-08' AS Date))
INSERT [dbo].[LoanDetails] ([LoanDetailID], [LoanID], [CopyID], [ReturnDate]) VALUES (434, 190, 96, CAST(N'2018-01-04' AS Date))
INSERT [dbo].[LoanDetails] ([LoanDetailID], [LoanID], [CopyID], [ReturnDate]) VALUES (435, 128, 68, CAST(N'2017-03-10' AS Date))
INSERT [dbo].[LoanDetails] ([LoanDetailID], [LoanID], [CopyID], [ReturnDate]) VALUES (437, 216, 51, CAST(N'2022-01-12' AS Date))
INSERT [dbo].[LoanDetails] ([LoanDetailID], [LoanID], [CopyID], [ReturnDate]) VALUES (438, 198, 199, CAST(N'2022-08-10' AS Date))
INSERT [dbo].[LoanDetails] ([LoanDetailID], [LoanID], [CopyID], [ReturnDate]) VALUES (439, 168, 38, CAST(N'2018-03-11' AS Date))
INSERT [dbo].[LoanDetails] ([LoanDetailID], [LoanID], [CopyID], [ReturnDate]) VALUES (440, 293, 135, CAST(N'2016-02-24' AS Date))
INSERT [dbo].[LoanDetails] ([LoanDetailID], [LoanID], [CopyID], [ReturnDate]) VALUES (441, 232, 143, CAST(N'2021-03-05' AS Date))
INSERT [dbo].[LoanDetails] ([LoanDetailID], [LoanID], [CopyID], [ReturnDate]) VALUES (444, 232, 162, CAST(N'2021-03-05' AS Date))
INSERT [dbo].[LoanDetails] ([LoanDetailID], [LoanID], [CopyID], [ReturnDate]) VALUES (445, 243, 44, CAST(N'2015-11-09' AS Date))
INSERT [dbo].[LoanDetails] ([LoanDetailID], [LoanID], [CopyID], [ReturnDate]) VALUES (446, 60, 98, CAST(N'2016-06-15' AS Date))
INSERT [dbo].[LoanDetails] ([LoanDetailID], [LoanID], [CopyID], [ReturnDate]) VALUES (448, 186, 1, CAST(N'2018-03-06' AS Date))
INSERT [dbo].[LoanDetails] ([LoanDetailID], [LoanID], [CopyID], [ReturnDate]) VALUES (449, 106, 115, CAST(N'2015-11-30' AS Date))
INSERT [dbo].[LoanDetails] ([LoanDetailID], [LoanID], [CopyID], [ReturnDate]) VALUES (450, 262, 162, CAST(N'2015-08-28' AS Date))
INSERT [dbo].[LoanDetails] ([LoanDetailID], [LoanID], [CopyID], [ReturnDate]) VALUES (451, 152, 61, CAST(N'2015-11-09' AS Date))
INSERT [dbo].[LoanDetails] ([LoanDetailID], [LoanID], [CopyID], [ReturnDate]) VALUES (452, 275, 38, CAST(N'2020-07-11' AS Date))
INSERT [dbo].[LoanDetails] ([LoanDetailID], [LoanID], [CopyID], [ReturnDate]) VALUES (453, 15, 44, CAST(N'2016-11-07' AS Date))
INSERT [dbo].[LoanDetails] ([LoanDetailID], [LoanID], [CopyID], [ReturnDate]) VALUES (454, 256, 128, CAST(N'2018-08-15' AS Date))
INSERT [dbo].[LoanDetails] ([LoanDetailID], [LoanID], [CopyID], [ReturnDate]) VALUES (455, 24, 129, CAST(N'2022-05-24' AS Date))
INSERT [dbo].[LoanDetails] ([LoanDetailID], [LoanID], [CopyID], [ReturnDate]) VALUES (456, 105, 127, CAST(N'2018-02-03' AS Date))
INSERT [dbo].[LoanDetails] ([LoanDetailID], [LoanID], [CopyID], [ReturnDate]) VALUES (457, 5, 122, CAST(N'2022-11-06' AS Date))
INSERT [dbo].[LoanDetails] ([LoanDetailID], [LoanID], [CopyID], [ReturnDate]) VALUES (458, 27, 127, CAST(N'2018-03-10' AS Date))
INSERT [dbo].[LoanDetails] ([LoanDetailID], [LoanID], [CopyID], [ReturnDate]) VALUES (459, 216, 113, CAST(N'2022-01-12' AS Date))
INSERT [dbo].[LoanDetails] ([LoanDetailID], [LoanID], [CopyID], [ReturnDate]) VALUES (461, 183, 197, CAST(N'2015-07-02' AS Date))
INSERT [dbo].[LoanDetails] ([LoanDetailID], [LoanID], [CopyID], [ReturnDate]) VALUES (462, 36, 16, CAST(N'2018-11-28' AS Date))
INSERT [dbo].[LoanDetails] ([LoanDetailID], [LoanID], [CopyID], [ReturnDate]) VALUES (465, 241, 99, CAST(N'2021-07-15' AS Date))
INSERT [dbo].[LoanDetails] ([LoanDetailID], [LoanID], [CopyID], [ReturnDate]) VALUES (466, 148, 38, CAST(N'2015-06-06' AS Date))
INSERT [dbo].[LoanDetails] ([LoanDetailID], [LoanID], [CopyID], [ReturnDate]) VALUES (468, 197, 126, CAST(N'2017-01-05' AS Date))
INSERT [dbo].[LoanDetails] ([LoanDetailID], [LoanID], [CopyID], [ReturnDate]) VALUES (469, 26, 194, CAST(N'2022-07-22' AS Date))
INSERT [dbo].[LoanDetails] ([LoanDetailID], [LoanID], [CopyID], [ReturnDate]) VALUES (470, 212, 73, CAST(N'2017-09-04' AS Date))
INSERT [dbo].[LoanDetails] ([LoanDetailID], [LoanID], [CopyID], [ReturnDate]) VALUES (471, 145, 99, CAST(N'2017-05-02' AS Date))
INSERT [dbo].[LoanDetails] ([LoanDetailID], [LoanID], [CopyID], [ReturnDate]) VALUES (472, 171, 81, CAST(N'2017-02-04' AS Date))
INSERT [dbo].[LoanDetails] ([LoanDetailID], [LoanID], [CopyID], [ReturnDate]) VALUES (473, 208, 39, CAST(N'2016-06-17' AS Date))
INSERT [dbo].[LoanDetails] ([LoanDetailID], [LoanID], [CopyID], [ReturnDate]) VALUES (475, 217, 14, CAST(N'2015-12-26' AS Date))
INSERT [dbo].[LoanDetails] ([LoanDetailID], [LoanID], [CopyID], [ReturnDate]) VALUES (476, 269, 32, CAST(N'2023-03-16' AS Date))
INSERT [dbo].[LoanDetails] ([LoanDetailID], [LoanID], [CopyID], [ReturnDate]) VALUES (477, 54, 144, CAST(N'2015-05-03' AS Date))
INSERT [dbo].[LoanDetails] ([LoanDetailID], [LoanID], [CopyID], [ReturnDate]) VALUES (478, 37, 199, CAST(N'2021-04-12' AS Date))
INSERT [dbo].[LoanDetails] ([LoanDetailID], [LoanID], [CopyID], [ReturnDate]) VALUES (480, 210, 8, CAST(N'2017-11-28' AS Date))
INSERT [dbo].[LoanDetails] ([LoanDetailID], [LoanID], [CopyID], [ReturnDate]) VALUES (481, 194, 40, CAST(N'2023-05-24' AS Date))
INSERT [dbo].[LoanDetails] ([LoanDetailID], [LoanID], [CopyID], [ReturnDate]) VALUES (482, 155, 24, CAST(N'2023-04-25' AS Date))
INSERT [dbo].[LoanDetails] ([LoanDetailID], [LoanID], [CopyID], [ReturnDate]) VALUES (483, 1, 175, CAST(N'2016-12-10' AS Date))
INSERT [dbo].[LoanDetails] ([LoanDetailID], [LoanID], [CopyID], [ReturnDate]) VALUES (484, 290, 21, CAST(N'2022-11-25' AS Date))
INSERT [dbo].[LoanDetails] ([LoanDetailID], [LoanID], [CopyID], [ReturnDate]) VALUES (485, 158, 28, CAST(N'2017-03-19' AS Date))
INSERT [dbo].[LoanDetails] ([LoanDetailID], [LoanID], [CopyID], [ReturnDate]) VALUES (486, 89, 18, CAST(N'2017-01-01' AS Date))
INSERT [dbo].[LoanDetails] ([LoanDetailID], [LoanID], [CopyID], [ReturnDate]) VALUES (488, 78, 192, CAST(N'2018-12-23' AS Date))
INSERT [dbo].[LoanDetails] ([LoanDetailID], [LoanID], [CopyID], [ReturnDate]) VALUES (489, 119, 185, CAST(N'2017-06-06' AS Date))
INSERT [dbo].[LoanDetails] ([LoanDetailID], [LoanID], [CopyID], [ReturnDate]) VALUES (490, 194, 123, CAST(N'2023-05-24' AS Date))
INSERT [dbo].[LoanDetails] ([LoanDetailID], [LoanID], [CopyID], [ReturnDate]) VALUES (491, 158, 14, CAST(N'2017-03-19' AS Date))
INSERT [dbo].[LoanDetails] ([LoanDetailID], [LoanID], [CopyID], [ReturnDate]) VALUES (492, 147, 122, CAST(N'2023-01-18' AS Date))
INSERT [dbo].[LoanDetails] ([LoanDetailID], [LoanID], [CopyID], [ReturnDate]) VALUES (493, 185, 129, CAST(N'2019-04-11' AS Date))
INSERT [dbo].[LoanDetails] ([LoanDetailID], [LoanID], [CopyID], [ReturnDate]) VALUES (494, 9, 195, CAST(N'2015-11-17' AS Date))
INSERT [dbo].[LoanDetails] ([LoanDetailID], [LoanID], [CopyID], [ReturnDate]) VALUES (495, 39, 31, CAST(N'2020-11-07' AS Date))
INSERT [dbo].[LoanDetails] ([LoanDetailID], [LoanID], [CopyID], [ReturnDate]) VALUES (496, 151, 30, CAST(N'2018-06-28' AS Date))
INSERT [dbo].[LoanDetails] ([LoanDetailID], [LoanID], [CopyID], [ReturnDate]) VALUES (500, 24, 73, CAST(N'2022-05-24' AS Date))
INSERT [dbo].[LoanDetails] ([LoanDetailID], [LoanID], [CopyID], [ReturnDate]) VALUES (501, 261, 20, CAST(N'2017-10-10' AS Date))
GO
INSERT [dbo].[LoanDetails] ([LoanDetailID], [LoanID], [CopyID], [ReturnDate]) VALUES (502, 214, 175, CAST(N'2018-11-08' AS Date))
INSERT [dbo].[LoanDetails] ([LoanDetailID], [LoanID], [CopyID], [ReturnDate]) VALUES (503, 151, 116, CAST(N'2018-06-28' AS Date))
INSERT [dbo].[LoanDetails] ([LoanDetailID], [LoanID], [CopyID], [ReturnDate]) VALUES (504, 113, 120, CAST(N'2022-11-18' AS Date))
INSERT [dbo].[LoanDetails] ([LoanDetailID], [LoanID], [CopyID], [ReturnDate]) VALUES (507, 90, 14, CAST(N'2018-09-19' AS Date))
INSERT [dbo].[LoanDetails] ([LoanDetailID], [LoanID], [CopyID], [ReturnDate]) VALUES (509, 87, 25, CAST(N'2020-06-18' AS Date))
INSERT [dbo].[LoanDetails] ([LoanDetailID], [LoanID], [CopyID], [ReturnDate]) VALUES (511, 30, 75, CAST(N'2017-03-11' AS Date))
INSERT [dbo].[LoanDetails] ([LoanDetailID], [LoanID], [CopyID], [ReturnDate]) VALUES (512, 282, 190, CAST(N'2021-06-08' AS Date))
INSERT [dbo].[LoanDetails] ([LoanDetailID], [LoanID], [CopyID], [ReturnDate]) VALUES (513, 285, 98, CAST(N'2017-12-05' AS Date))
INSERT [dbo].[LoanDetails] ([LoanDetailID], [LoanID], [CopyID], [ReturnDate]) VALUES (514, 205, 113, CAST(N'2021-02-09' AS Date))
INSERT [dbo].[LoanDetails] ([LoanDetailID], [LoanID], [CopyID], [ReturnDate]) VALUES (515, 145, 161, CAST(N'2017-05-02' AS Date))
INSERT [dbo].[LoanDetails] ([LoanDetailID], [LoanID], [CopyID], [ReturnDate]) VALUES (517, 79, 185, CAST(N'2015-05-20' AS Date))
INSERT [dbo].[LoanDetails] ([LoanDetailID], [LoanID], [CopyID], [ReturnDate]) VALUES (518, 210, 44, CAST(N'2017-11-28' AS Date))
INSERT [dbo].[LoanDetails] ([LoanDetailID], [LoanID], [CopyID], [ReturnDate]) VALUES (519, 300, 111, CAST(N'2015-05-29' AS Date))
INSERT [dbo].[LoanDetails] ([LoanDetailID], [LoanID], [CopyID], [ReturnDate]) VALUES (520, 160, 139, CAST(N'2016-01-21' AS Date))
INSERT [dbo].[LoanDetails] ([LoanDetailID], [LoanID], [CopyID], [ReturnDate]) VALUES (521, 127, 194, CAST(N'2015-06-12' AS Date))
INSERT [dbo].[LoanDetails] ([LoanDetailID], [LoanID], [CopyID], [ReturnDate]) VALUES (522, 255, 180, CAST(N'2018-06-22' AS Date))
INSERT [dbo].[LoanDetails] ([LoanDetailID], [LoanID], [CopyID], [ReturnDate]) VALUES (523, 83, 191, CAST(N'2020-06-29' AS Date))
INSERT [dbo].[LoanDetails] ([LoanDetailID], [LoanID], [CopyID], [ReturnDate]) VALUES (524, 138, 20, CAST(N'2015-11-12' AS Date))
INSERT [dbo].[LoanDetails] ([LoanDetailID], [LoanID], [CopyID], [ReturnDate]) VALUES (526, 68, 134, CAST(N'2015-07-13' AS Date))
INSERT [dbo].[LoanDetails] ([LoanDetailID], [LoanID], [CopyID], [ReturnDate]) VALUES (528, 179, 10, CAST(N'2020-11-07' AS Date))
INSERT [dbo].[LoanDetails] ([LoanDetailID], [LoanID], [CopyID], [ReturnDate]) VALUES (529, 30, 199, CAST(N'2017-03-11' AS Date))
INSERT [dbo].[LoanDetails] ([LoanDetailID], [LoanID], [CopyID], [ReturnDate]) VALUES (531, 83, 22, CAST(N'2020-06-29' AS Date))
INSERT [dbo].[LoanDetails] ([LoanDetailID], [LoanID], [CopyID], [ReturnDate]) VALUES (532, 241, 192, CAST(N'2021-07-15' AS Date))
INSERT [dbo].[LoanDetails] ([LoanDetailID], [LoanID], [CopyID], [ReturnDate]) VALUES (533, 191, 58, CAST(N'2019-11-10' AS Date))
INSERT [dbo].[LoanDetails] ([LoanDetailID], [LoanID], [CopyID], [ReturnDate]) VALUES (534, 201, 76, CAST(N'2019-03-15' AS Date))
INSERT [dbo].[LoanDetails] ([LoanDetailID], [LoanID], [CopyID], [ReturnDate]) VALUES (535, 127, 128, CAST(N'2015-06-12' AS Date))
INSERT [dbo].[LoanDetails] ([LoanDetailID], [LoanID], [CopyID], [ReturnDate]) VALUES (537, 1, 152, CAST(N'2016-12-10' AS Date))
INSERT [dbo].[LoanDetails] ([LoanDetailID], [LoanID], [CopyID], [ReturnDate]) VALUES (539, 15, 129, CAST(N'2016-11-07' AS Date))
INSERT [dbo].[LoanDetails] ([LoanDetailID], [LoanID], [CopyID], [ReturnDate]) VALUES (540, 180, 131, CAST(N'2022-02-03' AS Date))
INSERT [dbo].[LoanDetails] ([LoanDetailID], [LoanID], [CopyID], [ReturnDate]) VALUES (541, 17, 110, CAST(N'2022-12-11' AS Date))
INSERT [dbo].[LoanDetails] ([LoanDetailID], [LoanID], [CopyID], [ReturnDate]) VALUES (542, 222, 195, CAST(N'2020-05-09' AS Date))
INSERT [dbo].[LoanDetails] ([LoanDetailID], [LoanID], [CopyID], [ReturnDate]) VALUES (543, 67, 194, CAST(N'2019-04-19' AS Date))
INSERT [dbo].[LoanDetails] ([LoanDetailID], [LoanID], [CopyID], [ReturnDate]) VALUES (544, 254, 134, CAST(N'2020-01-17' AS Date))
INSERT [dbo].[LoanDetails] ([LoanDetailID], [LoanID], [CopyID], [ReturnDate]) VALUES (545, 29, 88, CAST(N'2016-04-17' AS Date))
INSERT [dbo].[LoanDetails] ([LoanDetailID], [LoanID], [CopyID], [ReturnDate]) VALUES (546, 191, 172, CAST(N'2019-11-10' AS Date))
INSERT [dbo].[LoanDetails] ([LoanDetailID], [LoanID], [CopyID], [ReturnDate]) VALUES (547, 72, 170, CAST(N'2016-07-24' AS Date))
INSERT [dbo].[LoanDetails] ([LoanDetailID], [LoanID], [CopyID], [ReturnDate]) VALUES (550, 23, 136, CAST(N'2017-12-12' AS Date))
INSERT [dbo].[LoanDetails] ([LoanDetailID], [LoanID], [CopyID], [ReturnDate]) VALUES (551, 118, 179, CAST(N'2023-05-01' AS Date))
INSERT [dbo].[LoanDetails] ([LoanDetailID], [LoanID], [CopyID], [ReturnDate]) VALUES (552, 185, 83, CAST(N'2019-04-11' AS Date))
INSERT [dbo].[LoanDetails] ([LoanDetailID], [LoanID], [CopyID], [ReturnDate]) VALUES (553, 2, 167, CAST(N'2023-08-27' AS Date))
INSERT [dbo].[LoanDetails] ([LoanDetailID], [LoanID], [CopyID], [ReturnDate]) VALUES (554, 297, 13, CAST(N'2020-10-18' AS Date))
INSERT [dbo].[LoanDetails] ([LoanDetailID], [LoanID], [CopyID], [ReturnDate]) VALUES (555, 299, 9, CAST(N'2018-10-26' AS Date))
INSERT [dbo].[LoanDetails] ([LoanDetailID], [LoanID], [CopyID], [ReturnDate]) VALUES (556, 212, 154, CAST(N'2017-09-04' AS Date))
INSERT [dbo].[LoanDetails] ([LoanDetailID], [LoanID], [CopyID], [ReturnDate]) VALUES (557, 143, 114, CAST(N'2019-07-21' AS Date))
INSERT [dbo].[LoanDetails] ([LoanDetailID], [LoanID], [CopyID], [ReturnDate]) VALUES (558, 46, 175, CAST(N'2023-01-31' AS Date))
INSERT [dbo].[LoanDetails] ([LoanDetailID], [LoanID], [CopyID], [ReturnDate]) VALUES (559, 275, 113, CAST(N'2020-07-11' AS Date))
INSERT [dbo].[LoanDetails] ([LoanDetailID], [LoanID], [CopyID], [ReturnDate]) VALUES (560, 174, 185, CAST(N'2020-03-03' AS Date))
INSERT [dbo].[LoanDetails] ([LoanDetailID], [LoanID], [CopyID], [ReturnDate]) VALUES (561, 165, 188, CAST(N'2023-08-17' AS Date))
INSERT [dbo].[LoanDetails] ([LoanDetailID], [LoanID], [CopyID], [ReturnDate]) VALUES (562, 222, 161, CAST(N'2020-05-09' AS Date))
INSERT [dbo].[LoanDetails] ([LoanDetailID], [LoanID], [CopyID], [ReturnDate]) VALUES (563, 235, 127, CAST(N'2023-04-26' AS Date))
INSERT [dbo].[LoanDetails] ([LoanDetailID], [LoanID], [CopyID], [ReturnDate]) VALUES (564, 56, 149, CAST(N'2018-07-21' AS Date))
INSERT [dbo].[LoanDetails] ([LoanDetailID], [LoanID], [CopyID], [ReturnDate]) VALUES (565, 174, 25, CAST(N'2020-03-03' AS Date))
INSERT [dbo].[LoanDetails] ([LoanDetailID], [LoanID], [CopyID], [ReturnDate]) VALUES (567, 204, 89, CAST(N'2015-11-15' AS Date))
INSERT [dbo].[LoanDetails] ([LoanDetailID], [LoanID], [CopyID], [ReturnDate]) VALUES (568, 158, 109, CAST(N'2017-03-19' AS Date))
INSERT [dbo].[LoanDetails] ([LoanDetailID], [LoanID], [CopyID], [ReturnDate]) VALUES (569, 235, 70, CAST(N'2023-04-26' AS Date))
INSERT [dbo].[LoanDetails] ([LoanDetailID], [LoanID], [CopyID], [ReturnDate]) VALUES (570, 69, 40, CAST(N'2015-08-10' AS Date))
INSERT [dbo].[LoanDetails] ([LoanDetailID], [LoanID], [CopyID], [ReturnDate]) VALUES (571, 115, 183, CAST(N'2019-08-16' AS Date))
INSERT [dbo].[LoanDetails] ([LoanDetailID], [LoanID], [CopyID], [ReturnDate]) VALUES (572, 85, 120, CAST(N'2018-12-31' AS Date))
INSERT [dbo].[LoanDetails] ([LoanDetailID], [LoanID], [CopyID], [ReturnDate]) VALUES (573, 221, 52, CAST(N'2023-09-18' AS Date))
INSERT [dbo].[LoanDetails] ([LoanDetailID], [LoanID], [CopyID], [ReturnDate]) VALUES (574, 24, 77, CAST(N'2022-05-24' AS Date))
INSERT [dbo].[LoanDetails] ([LoanDetailID], [LoanID], [CopyID], [ReturnDate]) VALUES (575, 142, 118, CAST(N'2020-08-30' AS Date))
INSERT [dbo].[LoanDetails] ([LoanDetailID], [LoanID], [CopyID], [ReturnDate]) VALUES (576, 105, 24, CAST(N'2018-02-03' AS Date))
INSERT [dbo].[LoanDetails] ([LoanDetailID], [LoanID], [CopyID], [ReturnDate]) VALUES (577, 128, 78, CAST(N'2017-03-10' AS Date))
INSERT [dbo].[LoanDetails] ([LoanDetailID], [LoanID], [CopyID], [ReturnDate]) VALUES (578, 183, 133, CAST(N'2015-07-02' AS Date))
INSERT [dbo].[LoanDetails] ([LoanDetailID], [LoanID], [CopyID], [ReturnDate]) VALUES (579, 256, 97, CAST(N'2018-08-15' AS Date))
INSERT [dbo].[LoanDetails] ([LoanDetailID], [LoanID], [CopyID], [ReturnDate]) VALUES (581, 191, 158, CAST(N'2019-11-10' AS Date))
INSERT [dbo].[LoanDetails] ([LoanDetailID], [LoanID], [CopyID], [ReturnDate]) VALUES (583, 66, 116, CAST(N'2021-12-31' AS Date))
INSERT [dbo].[LoanDetails] ([LoanDetailID], [LoanID], [CopyID], [ReturnDate]) VALUES (584, 213, 176, CAST(N'2022-07-29' AS Date))
INSERT [dbo].[LoanDetails] ([LoanDetailID], [LoanID], [CopyID], [ReturnDate]) VALUES (585, 202, 85, CAST(N'2017-09-07' AS Date))
INSERT [dbo].[LoanDetails] ([LoanDetailID], [LoanID], [CopyID], [ReturnDate]) VALUES (586, 107, 5, CAST(N'2018-06-03' AS Date))
INSERT [dbo].[LoanDetails] ([LoanDetailID], [LoanID], [CopyID], [ReturnDate]) VALUES (587, 157, 18, CAST(N'2022-05-25' AS Date))
INSERT [dbo].[LoanDetails] ([LoanDetailID], [LoanID], [CopyID], [ReturnDate]) VALUES (588, 79, 70, CAST(N'2015-05-20' AS Date))
INSERT [dbo].[LoanDetails] ([LoanDetailID], [LoanID], [CopyID], [ReturnDate]) VALUES (589, 152, 183, CAST(N'2015-11-09' AS Date))
INSERT [dbo].[LoanDetails] ([LoanDetailID], [LoanID], [CopyID], [ReturnDate]) VALUES (590, 291, 53, CAST(N'2015-07-17' AS Date))
INSERT [dbo].[LoanDetails] ([LoanDetailID], [LoanID], [CopyID], [ReturnDate]) VALUES (591, 46, 67, CAST(N'2023-01-31' AS Date))
INSERT [dbo].[LoanDetails] ([LoanDetailID], [LoanID], [CopyID], [ReturnDate]) VALUES (593, 49, 39, CAST(N'2015-08-26' AS Date))
INSERT [dbo].[LoanDetails] ([LoanDetailID], [LoanID], [CopyID], [ReturnDate]) VALUES (594, 174, 196, CAST(N'2020-03-03' AS Date))
INSERT [dbo].[LoanDetails] ([LoanDetailID], [LoanID], [CopyID], [ReturnDate]) VALUES (595, 279, 87, CAST(N'2023-03-31' AS Date))
INSERT [dbo].[LoanDetails] ([LoanDetailID], [LoanID], [CopyID], [ReturnDate]) VALUES (596, 132, 95, CAST(N'2020-06-01' AS Date))
INSERT [dbo].[LoanDetails] ([LoanDetailID], [LoanID], [CopyID], [ReturnDate]) VALUES (597, 52, 19, CAST(N'2018-06-18' AS Date))
INSERT [dbo].[LoanDetails] ([LoanDetailID], [LoanID], [CopyID], [ReturnDate]) VALUES (598, 101, 28, CAST(N'2019-02-16' AS Date))
INSERT [dbo].[LoanDetails] ([LoanDetailID], [LoanID], [CopyID], [ReturnDate]) VALUES (599, 289, 159, CAST(N'2016-02-08' AS Date))
INSERT [dbo].[LoanDetails] ([LoanDetailID], [LoanID], [CopyID], [ReturnDate]) VALUES (601, 101, 71, CAST(N'2019-02-16' AS Date))
INSERT [dbo].[LoanDetails] ([LoanDetailID], [LoanID], [CopyID], [ReturnDate]) VALUES (602, 254, 124, CAST(N'2020-01-17' AS Date))
INSERT [dbo].[LoanDetails] ([LoanDetailID], [LoanID], [CopyID], [ReturnDate]) VALUES (603, 113, 32, CAST(N'2022-11-18' AS Date))
INSERT [dbo].[LoanDetails] ([LoanDetailID], [LoanID], [CopyID], [ReturnDate]) VALUES (604, 174, 28, CAST(N'2020-03-03' AS Date))
INSERT [dbo].[LoanDetails] ([LoanDetailID], [LoanID], [CopyID], [ReturnDate]) VALUES (605, 285, 10, CAST(N'2017-12-05' AS Date))
INSERT [dbo].[LoanDetails] ([LoanDetailID], [LoanID], [CopyID], [ReturnDate]) VALUES (606, 85, 126, CAST(N'2018-12-31' AS Date))
INSERT [dbo].[LoanDetails] ([LoanDetailID], [LoanID], [CopyID], [ReturnDate]) VALUES (607, 130, 69, CAST(N'2023-03-04' AS Date))
INSERT [dbo].[LoanDetails] ([LoanDetailID], [LoanID], [CopyID], [ReturnDate]) VALUES (608, 233, 102, CAST(N'2015-07-24' AS Date))
INSERT [dbo].[LoanDetails] ([LoanDetailID], [LoanID], [CopyID], [ReturnDate]) VALUES (610, 109, 171, CAST(N'2018-02-21' AS Date))
INSERT [dbo].[LoanDetails] ([LoanDetailID], [LoanID], [CopyID], [ReturnDate]) VALUES (611, 218, 148, CAST(N'2020-10-10' AS Date))
INSERT [dbo].[LoanDetails] ([LoanDetailID], [LoanID], [CopyID], [ReturnDate]) VALUES (612, 138, 63, CAST(N'2015-11-12' AS Date))
INSERT [dbo].[LoanDetails] ([LoanDetailID], [LoanID], [CopyID], [ReturnDate]) VALUES (613, 141, 84, CAST(N'2017-03-13' AS Date))
INSERT [dbo].[LoanDetails] ([LoanDetailID], [LoanID], [CopyID], [ReturnDate]) VALUES (615, 11, 104, CAST(N'2023-07-23' AS Date))
INSERT [dbo].[LoanDetails] ([LoanDetailID], [LoanID], [CopyID], [ReturnDate]) VALUES (616, 74, 130, CAST(N'2019-08-19' AS Date))
INSERT [dbo].[LoanDetails] ([LoanDetailID], [LoanID], [CopyID], [ReturnDate]) VALUES (617, 212, 4, CAST(N'2017-09-04' AS Date))
INSERT [dbo].[LoanDetails] ([LoanDetailID], [LoanID], [CopyID], [ReturnDate]) VALUES (618, 185, 192, CAST(N'2019-04-11' AS Date))
INSERT [dbo].[LoanDetails] ([LoanDetailID], [LoanID], [CopyID], [ReturnDate]) VALUES (620, 98, 71, CAST(N'2017-08-11' AS Date))
INSERT [dbo].[LoanDetails] ([LoanDetailID], [LoanID], [CopyID], [ReturnDate]) VALUES (624, 263, 86, CAST(N'2021-12-12' AS Date))
GO
INSERT [dbo].[LoanDetails] ([LoanDetailID], [LoanID], [CopyID], [ReturnDate]) VALUES (625, 276, 97, CAST(N'2016-02-27' AS Date))
INSERT [dbo].[LoanDetails] ([LoanDetailID], [LoanID], [CopyID], [ReturnDate]) VALUES (626, 246, 168, CAST(N'2024-01-13' AS Date))
INSERT [dbo].[LoanDetails] ([LoanDetailID], [LoanID], [CopyID], [ReturnDate]) VALUES (627, 53, 118, CAST(N'2023-03-25' AS Date))
INSERT [dbo].[LoanDetails] ([LoanDetailID], [LoanID], [CopyID], [ReturnDate]) VALUES (628, 246, 145, CAST(N'2024-01-13' AS Date))
INSERT [dbo].[LoanDetails] ([LoanDetailID], [LoanID], [CopyID], [ReturnDate]) VALUES (629, 93, 37, CAST(N'2018-07-09' AS Date))
INSERT [dbo].[LoanDetails] ([LoanDetailID], [LoanID], [CopyID], [ReturnDate]) VALUES (631, 12, 66, CAST(N'2018-03-17' AS Date))
INSERT [dbo].[LoanDetails] ([LoanDetailID], [LoanID], [CopyID], [ReturnDate]) VALUES (632, 94, 94, CAST(N'2022-01-07' AS Date))
INSERT [dbo].[LoanDetails] ([LoanDetailID], [LoanID], [CopyID], [ReturnDate]) VALUES (633, 157, 20, CAST(N'2022-05-25' AS Date))
INSERT [dbo].[LoanDetails] ([LoanDetailID], [LoanID], [CopyID], [ReturnDate]) VALUES (634, 31, 4, CAST(N'2017-08-02' AS Date))
INSERT [dbo].[LoanDetails] ([LoanDetailID], [LoanID], [CopyID], [ReturnDate]) VALUES (635, 5, 103, CAST(N'2022-11-06' AS Date))
INSERT [dbo].[LoanDetails] ([LoanDetailID], [LoanID], [CopyID], [ReturnDate]) VALUES (636, 49, 149, CAST(N'2015-08-26' AS Date))
INSERT [dbo].[LoanDetails] ([LoanDetailID], [LoanID], [CopyID], [ReturnDate]) VALUES (637, 232, 67, CAST(N'2021-03-05' AS Date))
INSERT [dbo].[LoanDetails] ([LoanDetailID], [LoanID], [CopyID], [ReturnDate]) VALUES (638, 253, 173, CAST(N'2022-08-09' AS Date))
INSERT [dbo].[LoanDetails] ([LoanDetailID], [LoanID], [CopyID], [ReturnDate]) VALUES (639, 73, 1, CAST(N'2023-12-11' AS Date))
INSERT [dbo].[LoanDetails] ([LoanDetailID], [LoanID], [CopyID], [ReturnDate]) VALUES (642, 160, 114, CAST(N'2016-01-21' AS Date))
INSERT [dbo].[LoanDetails] ([LoanDetailID], [LoanID], [CopyID], [ReturnDate]) VALUES (643, 160, 29, CAST(N'2016-01-21' AS Date))
INSERT [dbo].[LoanDetails] ([LoanDetailID], [LoanID], [CopyID], [ReturnDate]) VALUES (644, 277, 105, CAST(N'2020-11-08' AS Date))
INSERT [dbo].[LoanDetails] ([LoanDetailID], [LoanID], [CopyID], [ReturnDate]) VALUES (645, 151, 106, CAST(N'2018-06-28' AS Date))
INSERT [dbo].[LoanDetails] ([LoanDetailID], [LoanID], [CopyID], [ReturnDate]) VALUES (646, 275, 151, CAST(N'2020-07-11' AS Date))
INSERT [dbo].[LoanDetails] ([LoanDetailID], [LoanID], [CopyID], [ReturnDate]) VALUES (647, 2, 103, CAST(N'2023-08-27' AS Date))
INSERT [dbo].[LoanDetails] ([LoanDetailID], [LoanID], [CopyID], [ReturnDate]) VALUES (648, 168, 33, CAST(N'2018-03-11' AS Date))
INSERT [dbo].[LoanDetails] ([LoanDetailID], [LoanID], [CopyID], [ReturnDate]) VALUES (649, 148, 111, CAST(N'2015-06-06' AS Date))
INSERT [dbo].[LoanDetails] ([LoanDetailID], [LoanID], [CopyID], [ReturnDate]) VALUES (651, 289, 109, CAST(N'2016-02-08' AS Date))
INSERT [dbo].[LoanDetails] ([LoanDetailID], [LoanID], [CopyID], [ReturnDate]) VALUES (652, 237, 96, CAST(N'2016-01-11' AS Date))
INSERT [dbo].[LoanDetails] ([LoanDetailID], [LoanID], [CopyID], [ReturnDate]) VALUES (654, 56, 151, CAST(N'2018-07-21' AS Date))
INSERT [dbo].[LoanDetails] ([LoanDetailID], [LoanID], [CopyID], [ReturnDate]) VALUES (656, 112, 65, CAST(N'2015-04-13' AS Date))
INSERT [dbo].[LoanDetails] ([LoanDetailID], [LoanID], [CopyID], [ReturnDate]) VALUES (658, 93, 9, CAST(N'2018-07-09' AS Date))
INSERT [dbo].[LoanDetails] ([LoanDetailID], [LoanID], [CopyID], [ReturnDate]) VALUES (659, 162, 94, CAST(N'2023-10-06' AS Date))
INSERT [dbo].[LoanDetails] ([LoanDetailID], [LoanID], [CopyID], [ReturnDate]) VALUES (660, 285, 152, CAST(N'2017-12-05' AS Date))
INSERT [dbo].[LoanDetails] ([LoanDetailID], [LoanID], [CopyID], [ReturnDate]) VALUES (661, 55, 164, CAST(N'2020-12-18' AS Date))
INSERT [dbo].[LoanDetails] ([LoanDetailID], [LoanID], [CopyID], [ReturnDate]) VALUES (662, 145, 128, CAST(N'2017-05-02' AS Date))
INSERT [dbo].[LoanDetails] ([LoanDetailID], [LoanID], [CopyID], [ReturnDate]) VALUES (663, 39, 84, CAST(N'2020-11-07' AS Date))
INSERT [dbo].[LoanDetails] ([LoanDetailID], [LoanID], [CopyID], [ReturnDate]) VALUES (664, 241, 109, CAST(N'2021-07-15' AS Date))
INSERT [dbo].[LoanDetails] ([LoanDetailID], [LoanID], [CopyID], [ReturnDate]) VALUES (665, 275, 68, CAST(N'2020-07-11' AS Date))
INSERT [dbo].[LoanDetails] ([LoanDetailID], [LoanID], [CopyID], [ReturnDate]) VALUES (666, 93, 40, CAST(N'2018-07-09' AS Date))
INSERT [dbo].[LoanDetails] ([LoanDetailID], [LoanID], [CopyID], [ReturnDate]) VALUES (668, 223, 26, CAST(N'2022-06-22' AS Date))
INSERT [dbo].[LoanDetails] ([LoanDetailID], [LoanID], [CopyID], [ReturnDate]) VALUES (669, 126, 119, CAST(N'2021-09-13' AS Date))
INSERT [dbo].[LoanDetails] ([LoanDetailID], [LoanID], [CopyID], [ReturnDate]) VALUES (670, 52, 34, CAST(N'2018-06-18' AS Date))
INSERT [dbo].[LoanDetails] ([LoanDetailID], [LoanID], [CopyID], [ReturnDate]) VALUES (671, 40, 30, CAST(N'2019-01-25' AS Date))
INSERT [dbo].[LoanDetails] ([LoanDetailID], [LoanID], [CopyID], [ReturnDate]) VALUES (672, 122, 8, CAST(N'2018-12-18' AS Date))
INSERT [dbo].[LoanDetails] ([LoanDetailID], [LoanID], [CopyID], [ReturnDate]) VALUES (673, 180, 188, CAST(N'2022-02-03' AS Date))
INSERT [dbo].[LoanDetails] ([LoanDetailID], [LoanID], [CopyID], [ReturnDate]) VALUES (674, 270, 195, CAST(N'2020-02-12' AS Date))
INSERT [dbo].[LoanDetails] ([LoanDetailID], [LoanID], [CopyID], [ReturnDate]) VALUES (675, 243, 96, CAST(N'2015-11-09' AS Date))
INSERT [dbo].[LoanDetails] ([LoanDetailID], [LoanID], [CopyID], [ReturnDate]) VALUES (676, 222, 109, CAST(N'2020-05-09' AS Date))
INSERT [dbo].[LoanDetails] ([LoanDetailID], [LoanID], [CopyID], [ReturnDate]) VALUES (677, 239, 193, CAST(N'2023-02-05' AS Date))
INSERT [dbo].[LoanDetails] ([LoanDetailID], [LoanID], [CopyID], [ReturnDate]) VALUES (678, 17, 27, CAST(N'2022-12-11' AS Date))
INSERT [dbo].[LoanDetails] ([LoanDetailID], [LoanID], [CopyID], [ReturnDate]) VALUES (680, 70, 187, CAST(N'2021-09-25' AS Date))
INSERT [dbo].[LoanDetails] ([LoanDetailID], [LoanID], [CopyID], [ReturnDate]) VALUES (682, 286, 91, CAST(N'2023-07-17' AS Date))
INSERT [dbo].[LoanDetails] ([LoanDetailID], [LoanID], [CopyID], [ReturnDate]) VALUES (683, 300, 24, CAST(N'2015-05-29' AS Date))
INSERT [dbo].[LoanDetails] ([LoanDetailID], [LoanID], [CopyID], [ReturnDate]) VALUES (684, 155, 113, CAST(N'2023-04-25' AS Date))
INSERT [dbo].[LoanDetails] ([LoanDetailID], [LoanID], [CopyID], [ReturnDate]) VALUES (685, 6, 127, CAST(N'2016-06-20' AS Date))
INSERT [dbo].[LoanDetails] ([LoanDetailID], [LoanID], [CopyID], [ReturnDate]) VALUES (687, 57, 131, CAST(N'2016-09-03' AS Date))
INSERT [dbo].[LoanDetails] ([LoanDetailID], [LoanID], [CopyID], [ReturnDate]) VALUES (688, 286, 116, CAST(N'2023-07-17' AS Date))
INSERT [dbo].[LoanDetails] ([LoanDetailID], [LoanID], [CopyID], [ReturnDate]) VALUES (689, 67, 183, CAST(N'2019-04-19' AS Date))
INSERT [dbo].[LoanDetails] ([LoanDetailID], [LoanID], [CopyID], [ReturnDate]) VALUES (690, 252, 16, CAST(N'2022-12-08' AS Date))
INSERT [dbo].[LoanDetails] ([LoanDetailID], [LoanID], [CopyID], [ReturnDate]) VALUES (691, 126, 110, CAST(N'2021-09-13' AS Date))
INSERT [dbo].[LoanDetails] ([LoanDetailID], [LoanID], [CopyID], [ReturnDate]) VALUES (692, 233, 54, CAST(N'2015-07-24' AS Date))
INSERT [dbo].[LoanDetails] ([LoanDetailID], [LoanID], [CopyID], [ReturnDate]) VALUES (693, 185, 126, CAST(N'2019-04-11' AS Date))
INSERT [dbo].[LoanDetails] ([LoanDetailID], [LoanID], [CopyID], [ReturnDate]) VALUES (694, 295, 175, CAST(N'2016-11-14' AS Date))
INSERT [dbo].[LoanDetails] ([LoanDetailID], [LoanID], [CopyID], [ReturnDate]) VALUES (695, 68, 69, CAST(N'2015-07-13' AS Date))
INSERT [dbo].[LoanDetails] ([LoanDetailID], [LoanID], [CopyID], [ReturnDate]) VALUES (696, 122, 87, CAST(N'2018-12-18' AS Date))
INSERT [dbo].[LoanDetails] ([LoanDetailID], [LoanID], [CopyID], [ReturnDate]) VALUES (697, 45, 92, CAST(N'2023-05-25' AS Date))
INSERT [dbo].[LoanDetails] ([LoanDetailID], [LoanID], [CopyID], [ReturnDate]) VALUES (698, 145, 80, CAST(N'2017-05-02' AS Date))
INSERT [dbo].[LoanDetails] ([LoanDetailID], [LoanID], [CopyID], [ReturnDate]) VALUES (700, 177, 174, CAST(N'2020-01-11' AS Date))
INSERT [dbo].[LoanDetails] ([LoanDetailID], [LoanID], [CopyID], [ReturnDate]) VALUES (701, 234, 22, CAST(N'2016-06-23' AS Date))
INSERT [dbo].[LoanDetails] ([LoanDetailID], [LoanID], [CopyID], [ReturnDate]) VALUES (704, 120, 33, CAST(N'2015-03-29' AS Date))
INSERT [dbo].[LoanDetails] ([LoanDetailID], [LoanID], [CopyID], [ReturnDate]) VALUES (705, 157, 60, CAST(N'2022-05-25' AS Date))
INSERT [dbo].[LoanDetails] ([LoanDetailID], [LoanID], [CopyID], [ReturnDate]) VALUES (706, 39, 60, CAST(N'2020-11-07' AS Date))
INSERT [dbo].[LoanDetails] ([LoanDetailID], [LoanID], [CopyID], [ReturnDate]) VALUES (707, 264, 120, CAST(N'2016-02-03' AS Date))
INSERT [dbo].[LoanDetails] ([LoanDetailID], [LoanID], [CopyID], [ReturnDate]) VALUES (708, 122, 123, CAST(N'2018-12-18' AS Date))
INSERT [dbo].[LoanDetails] ([LoanDetailID], [LoanID], [CopyID], [ReturnDate]) VALUES (709, 194, 152, CAST(N'2023-05-24' AS Date))
INSERT [dbo].[LoanDetails] ([LoanDetailID], [LoanID], [CopyID], [ReturnDate]) VALUES (710, 251, 133, CAST(N'2022-03-08' AS Date))
INSERT [dbo].[LoanDetails] ([LoanDetailID], [LoanID], [CopyID], [ReturnDate]) VALUES (711, 19, 151, CAST(N'2020-02-12' AS Date))
INSERT [dbo].[LoanDetails] ([LoanDetailID], [LoanID], [CopyID], [ReturnDate]) VALUES (712, 73, 113, CAST(N'2023-12-11' AS Date))
INSERT [dbo].[LoanDetails] ([LoanDetailID], [LoanID], [CopyID], [ReturnDate]) VALUES (713, 148, 148, CAST(N'2015-06-06' AS Date))
INSERT [dbo].[LoanDetails] ([LoanDetailID], [LoanID], [CopyID], [ReturnDate]) VALUES (714, 226, 67, CAST(N'2015-10-23' AS Date))
INSERT [dbo].[LoanDetails] ([LoanDetailID], [LoanID], [CopyID], [ReturnDate]) VALUES (717, 186, 95, CAST(N'2018-03-06' AS Date))
INSERT [dbo].[LoanDetails] ([LoanDetailID], [LoanID], [CopyID], [ReturnDate]) VALUES (718, 295, 58, CAST(N'2016-11-14' AS Date))
INSERT [dbo].[LoanDetails] ([LoanDetailID], [LoanID], [CopyID], [ReturnDate]) VALUES (719, 85, 11, CAST(N'2018-12-31' AS Date))
INSERT [dbo].[LoanDetails] ([LoanDetailID], [LoanID], [CopyID], [ReturnDate]) VALUES (720, 159, 102, CAST(N'2016-01-21' AS Date))
INSERT [dbo].[LoanDetails] ([LoanDetailID], [LoanID], [CopyID], [ReturnDate]) VALUES (721, 85, 33, CAST(N'2018-12-31' AS Date))
INSERT [dbo].[LoanDetails] ([LoanDetailID], [LoanID], [CopyID], [ReturnDate]) VALUES (722, 3, 196, CAST(N'2016-12-01' AS Date))
INSERT [dbo].[LoanDetails] ([LoanDetailID], [LoanID], [CopyID], [ReturnDate]) VALUES (723, 64, 128, CAST(N'2018-11-03' AS Date))
INSERT [dbo].[LoanDetails] ([LoanDetailID], [LoanID], [CopyID], [ReturnDate]) VALUES (724, 300, 26, CAST(N'2015-05-29' AS Date))
INSERT [dbo].[LoanDetails] ([LoanDetailID], [LoanID], [CopyID], [ReturnDate]) VALUES (725, 97, 162, CAST(N'2022-05-04' AS Date))
INSERT [dbo].[LoanDetails] ([LoanDetailID], [LoanID], [CopyID], [ReturnDate]) VALUES (726, 269, 197, CAST(N'2023-03-16' AS Date))
INSERT [dbo].[LoanDetails] ([LoanDetailID], [LoanID], [CopyID], [ReturnDate]) VALUES (727, 211, 96, CAST(N'2019-02-10' AS Date))
INSERT [dbo].[LoanDetails] ([LoanDetailID], [LoanID], [CopyID], [ReturnDate]) VALUES (728, 89, 128, CAST(N'2017-01-01' AS Date))
INSERT [dbo].[LoanDetails] ([LoanDetailID], [LoanID], [CopyID], [ReturnDate]) VALUES (729, 258, 121, CAST(N'2020-12-08' AS Date))
INSERT [dbo].[LoanDetails] ([LoanDetailID], [LoanID], [CopyID], [ReturnDate]) VALUES (730, 83, 174, CAST(N'2020-06-29' AS Date))
INSERT [dbo].[LoanDetails] ([LoanDetailID], [LoanID], [CopyID], [ReturnDate]) VALUES (731, 72, 11, CAST(N'2016-07-24' AS Date))
INSERT [dbo].[LoanDetails] ([LoanDetailID], [LoanID], [CopyID], [ReturnDate]) VALUES (733, 148, 197, CAST(N'2015-06-06' AS Date))
INSERT [dbo].[LoanDetails] ([LoanDetailID], [LoanID], [CopyID], [ReturnDate]) VALUES (734, 133, 33, CAST(N'2021-06-29' AS Date))
INSERT [dbo].[LoanDetails] ([LoanDetailID], [LoanID], [CopyID], [ReturnDate]) VALUES (735, 5, 8, CAST(N'2022-11-06' AS Date))
INSERT [dbo].[LoanDetails] ([LoanDetailID], [LoanID], [CopyID], [ReturnDate]) VALUES (737, 218, 188, CAST(N'2020-10-10' AS Date))
INSERT [dbo].[LoanDetails] ([LoanDetailID], [LoanID], [CopyID], [ReturnDate]) VALUES (739, 165, 158, CAST(N'2023-08-17' AS Date))
INSERT [dbo].[LoanDetails] ([LoanDetailID], [LoanID], [CopyID], [ReturnDate]) VALUES (740, 229, 169, CAST(N'2017-04-03' AS Date))
INSERT [dbo].[LoanDetails] ([LoanDetailID], [LoanID], [CopyID], [ReturnDate]) VALUES (741, 115, 15, CAST(N'2019-08-16' AS Date))
INSERT [dbo].[LoanDetails] ([LoanDetailID], [LoanID], [CopyID], [ReturnDate]) VALUES (742, 105, 191, CAST(N'2018-02-03' AS Date))
INSERT [dbo].[LoanDetails] ([LoanDetailID], [LoanID], [CopyID], [ReturnDate]) VALUES (743, 264, 193, CAST(N'2016-02-03' AS Date))
GO
INSERT [dbo].[LoanDetails] ([LoanDetailID], [LoanID], [CopyID], [ReturnDate]) VALUES (744, 269, 175, CAST(N'2023-03-16' AS Date))
INSERT [dbo].[LoanDetails] ([LoanDetailID], [LoanID], [CopyID], [ReturnDate]) VALUES (746, 289, 92, CAST(N'2016-02-08' AS Date))
INSERT [dbo].[LoanDetails] ([LoanDetailID], [LoanID], [CopyID], [ReturnDate]) VALUES (747, 160, 95, CAST(N'2016-01-21' AS Date))
INSERT [dbo].[LoanDetails] ([LoanDetailID], [LoanID], [CopyID], [ReturnDate]) VALUES (748, 289, 40, CAST(N'2016-02-08' AS Date))
INSERT [dbo].[LoanDetails] ([LoanDetailID], [LoanID], [CopyID], [ReturnDate]) VALUES (750, 73, 128, CAST(N'2023-12-11' AS Date))
INSERT [dbo].[LoanDetails] ([LoanDetailID], [LoanID], [CopyID], [ReturnDate]) VALUES (751, 66, 32, CAST(N'2021-12-31' AS Date))
INSERT [dbo].[LoanDetails] ([LoanDetailID], [LoanID], [CopyID], [ReturnDate]) VALUES (752, 151, 50, CAST(N'2018-06-28' AS Date))
INSERT [dbo].[LoanDetails] ([LoanDetailID], [LoanID], [CopyID], [ReturnDate]) VALUES (753, 45, 17, CAST(N'2023-05-25' AS Date))
INSERT [dbo].[LoanDetails] ([LoanDetailID], [LoanID], [CopyID], [ReturnDate]) VALUES (754, 264, 138, CAST(N'2016-02-03' AS Date))
INSERT [dbo].[LoanDetails] ([LoanDetailID], [LoanID], [CopyID], [ReturnDate]) VALUES (755, 136, 104, CAST(N'2017-06-23' AS Date))
INSERT [dbo].[LoanDetails] ([LoanDetailID], [LoanID], [CopyID], [ReturnDate]) VALUES (756, 27, 48, CAST(N'2018-03-10' AS Date))
INSERT [dbo].[LoanDetails] ([LoanDetailID], [LoanID], [CopyID], [ReturnDate]) VALUES (758, 5, 18, CAST(N'2022-11-06' AS Date))
INSERT [dbo].[LoanDetails] ([LoanDetailID], [LoanID], [CopyID], [ReturnDate]) VALUES (759, 138, 116, CAST(N'2015-11-12' AS Date))
INSERT [dbo].[LoanDetails] ([LoanDetailID], [LoanID], [CopyID], [ReturnDate]) VALUES (760, 6, 33, CAST(N'2016-06-20' AS Date))
INSERT [dbo].[LoanDetails] ([LoanDetailID], [LoanID], [CopyID], [ReturnDate]) VALUES (762, 117, 72, CAST(N'2016-07-26' AS Date))
INSERT [dbo].[LoanDetails] ([LoanDetailID], [LoanID], [CopyID], [ReturnDate]) VALUES (763, 145, 68, CAST(N'2017-05-02' AS Date))
INSERT [dbo].[LoanDetails] ([LoanDetailID], [LoanID], [CopyID], [ReturnDate]) VALUES (764, 293, 50, CAST(N'2016-02-24' AS Date))
INSERT [dbo].[LoanDetails] ([LoanDetailID], [LoanID], [CopyID], [ReturnDate]) VALUES (766, 83, 22, CAST(N'2020-06-29' AS Date))
INSERT [dbo].[LoanDetails] ([LoanDetailID], [LoanID], [CopyID], [ReturnDate]) VALUES (767, 234, 104, CAST(N'2016-06-23' AS Date))
INSERT [dbo].[LoanDetails] ([LoanDetailID], [LoanID], [CopyID], [ReturnDate]) VALUES (768, 263, 145, CAST(N'2021-12-12' AS Date))
INSERT [dbo].[LoanDetails] ([LoanDetailID], [LoanID], [CopyID], [ReturnDate]) VALUES (769, 259, 71, CAST(N'2017-09-24' AS Date))
INSERT [dbo].[LoanDetails] ([LoanDetailID], [LoanID], [CopyID], [ReturnDate]) VALUES (770, 78, 92, CAST(N'2018-12-23' AS Date))
INSERT [dbo].[LoanDetails] ([LoanDetailID], [LoanID], [CopyID], [ReturnDate]) VALUES (771, 218, 184, CAST(N'2020-10-10' AS Date))
INSERT [dbo].[LoanDetails] ([LoanDetailID], [LoanID], [CopyID], [ReturnDate]) VALUES (772, 224, 176, CAST(N'2021-12-04' AS Date))
INSERT [dbo].[LoanDetails] ([LoanDetailID], [LoanID], [CopyID], [ReturnDate]) VALUES (774, 10, 20, CAST(N'2018-05-07' AS Date))
INSERT [dbo].[LoanDetails] ([LoanDetailID], [LoanID], [CopyID], [ReturnDate]) VALUES (775, 135, 87, CAST(N'2020-05-26' AS Date))
INSERT [dbo].[LoanDetails] ([LoanDetailID], [LoanID], [CopyID], [ReturnDate]) VALUES (776, 296, 186, CAST(N'2019-10-30' AS Date))
INSERT [dbo].[LoanDetails] ([LoanDetailID], [LoanID], [CopyID], [ReturnDate]) VALUES (777, 204, 132, CAST(N'2015-11-15' AS Date))
INSERT [dbo].[LoanDetails] ([LoanDetailID], [LoanID], [CopyID], [ReturnDate]) VALUES (778, 83, 147, CAST(N'2020-06-29' AS Date))
INSERT [dbo].[LoanDetails] ([LoanDetailID], [LoanID], [CopyID], [ReturnDate]) VALUES (780, 22, 187, CAST(N'2020-02-11' AS Date))
INSERT [dbo].[LoanDetails] ([LoanDetailID], [LoanID], [CopyID], [ReturnDate]) VALUES (781, 133, 142, CAST(N'2021-06-29' AS Date))
INSERT [dbo].[LoanDetails] ([LoanDetailID], [LoanID], [CopyID], [ReturnDate]) VALUES (782, 120, 145, CAST(N'2015-03-29' AS Date))
INSERT [dbo].[LoanDetails] ([LoanDetailID], [LoanID], [CopyID], [ReturnDate]) VALUES (783, 253, 183, CAST(N'2022-08-09' AS Date))
INSERT [dbo].[LoanDetails] ([LoanDetailID], [LoanID], [CopyID], [ReturnDate]) VALUES (784, 69, 88, CAST(N'2015-08-10' AS Date))
INSERT [dbo].[LoanDetails] ([LoanDetailID], [LoanID], [CopyID], [ReturnDate]) VALUES (785, 88, 14, CAST(N'2022-02-18' AS Date))
INSERT [dbo].[LoanDetails] ([LoanDetailID], [LoanID], [CopyID], [ReturnDate]) VALUES (788, 122, 5, CAST(N'2018-12-18' AS Date))
INSERT [dbo].[LoanDetails] ([LoanDetailID], [LoanID], [CopyID], [ReturnDate]) VALUES (789, 223, 156, CAST(N'2022-06-22' AS Date))
INSERT [dbo].[LoanDetails] ([LoanDetailID], [LoanID], [CopyID], [ReturnDate]) VALUES (790, 270, 27, CAST(N'2020-02-12' AS Date))
INSERT [dbo].[LoanDetails] ([LoanDetailID], [LoanID], [CopyID], [ReturnDate]) VALUES (792, 83, 115, CAST(N'2020-06-29' AS Date))
INSERT [dbo].[LoanDetails] ([LoanDetailID], [LoanID], [CopyID], [ReturnDate]) VALUES (793, 192, 187, CAST(N'2016-08-11' AS Date))
INSERT [dbo].[LoanDetails] ([LoanDetailID], [LoanID], [CopyID], [ReturnDate]) VALUES (794, 33, 40, CAST(N'2017-10-30' AS Date))
INSERT [dbo].[LoanDetails] ([LoanDetailID], [LoanID], [CopyID], [ReturnDate]) VALUES (795, 29, 18, CAST(N'2016-04-17' AS Date))
INSERT [dbo].[LoanDetails] ([LoanDetailID], [LoanID], [CopyID], [ReturnDate]) VALUES (796, 18, 98, CAST(N'2019-07-19' AS Date))
INSERT [dbo].[LoanDetails] ([LoanDetailID], [LoanID], [CopyID], [ReturnDate]) VALUES (799, 10, 118, CAST(N'2018-05-07' AS Date))
INSERT [dbo].[LoanDetails] ([LoanDetailID], [LoanID], [CopyID], [ReturnDate]) VALUES (800, 45, 77, CAST(N'2023-05-25' AS Date))
INSERT [dbo].[LoanDetails] ([LoanDetailID], [LoanID], [CopyID], [ReturnDate]) VALUES (801, 201, 184, CAST(N'2019-03-15' AS Date))
INSERT [dbo].[LoanDetails] ([LoanDetailID], [LoanID], [CopyID], [ReturnDate]) VALUES (804, 140, 22, CAST(N'2017-01-14' AS Date))
INSERT [dbo].[LoanDetails] ([LoanDetailID], [LoanID], [CopyID], [ReturnDate]) VALUES (805, 236, 48, CAST(N'2020-03-09' AS Date))
INSERT [dbo].[LoanDetails] ([LoanDetailID], [LoanID], [CopyID], [ReturnDate]) VALUES (806, 208, 17, CAST(N'2016-06-17' AS Date))
INSERT [dbo].[LoanDetails] ([LoanDetailID], [LoanID], [CopyID], [ReturnDate]) VALUES (807, 135, 112, CAST(N'2020-05-26' AS Date))
INSERT [dbo].[LoanDetails] ([LoanDetailID], [LoanID], [CopyID], [ReturnDate]) VALUES (809, 69, 145, CAST(N'2015-08-10' AS Date))
INSERT [dbo].[LoanDetails] ([LoanDetailID], [LoanID], [CopyID], [ReturnDate]) VALUES (810, 177, 51, CAST(N'2020-01-11' AS Date))
INSERT [dbo].[LoanDetails] ([LoanDetailID], [LoanID], [CopyID], [ReturnDate]) VALUES (813, 11, 164, CAST(N'2023-07-23' AS Date))
INSERT [dbo].[LoanDetails] ([LoanDetailID], [LoanID], [CopyID], [ReturnDate]) VALUES (814, 141, 174, CAST(N'2017-03-13' AS Date))
INSERT [dbo].[LoanDetails] ([LoanDetailID], [LoanID], [CopyID], [ReturnDate]) VALUES (817, 183, 151, CAST(N'2015-07-02' AS Date))
INSERT [dbo].[LoanDetails] ([LoanDetailID], [LoanID], [CopyID], [ReturnDate]) VALUES (818, 108, 138, CAST(N'2021-02-24' AS Date))
INSERT [dbo].[LoanDetails] ([LoanDetailID], [LoanID], [CopyID], [ReturnDate]) VALUES (819, 185, 27, CAST(N'2019-04-11' AS Date))
INSERT [dbo].[LoanDetails] ([LoanDetailID], [LoanID], [CopyID], [ReturnDate]) VALUES (821, 135, 26, CAST(N'2020-05-26' AS Date))
INSERT [dbo].[LoanDetails] ([LoanDetailID], [LoanID], [CopyID], [ReturnDate]) VALUES (823, 36, 148, CAST(N'2018-11-28' AS Date))
INSERT [dbo].[LoanDetails] ([LoanDetailID], [LoanID], [CopyID], [ReturnDate]) VALUES (824, 277, 13, CAST(N'2020-11-08' AS Date))
INSERT [dbo].[LoanDetails] ([LoanDetailID], [LoanID], [CopyID], [ReturnDate]) VALUES (825, 93, 193, CAST(N'2018-07-09' AS Date))
INSERT [dbo].[LoanDetails] ([LoanDetailID], [LoanID], [CopyID], [ReturnDate]) VALUES (827, 255, 109, CAST(N'2018-06-22' AS Date))
INSERT [dbo].[LoanDetails] ([LoanDetailID], [LoanID], [CopyID], [ReturnDate]) VALUES (828, 198, 151, CAST(N'2022-08-10' AS Date))
INSERT [dbo].[LoanDetails] ([LoanDetailID], [LoanID], [CopyID], [ReturnDate]) VALUES (829, 101, 79, CAST(N'2019-02-16' AS Date))
INSERT [dbo].[LoanDetails] ([LoanDetailID], [LoanID], [CopyID], [ReturnDate]) VALUES (830, 231, 44, CAST(N'2018-02-18' AS Date))
INSERT [dbo].[LoanDetails] ([LoanDetailID], [LoanID], [CopyID], [ReturnDate]) VALUES (831, 199, 9, CAST(N'2018-10-31' AS Date))
INSERT [dbo].[LoanDetails] ([LoanDetailID], [LoanID], [CopyID], [ReturnDate]) VALUES (832, 44, 44, CAST(N'2016-05-16' AS Date))
INSERT [dbo].[LoanDetails] ([LoanDetailID], [LoanID], [CopyID], [ReturnDate]) VALUES (833, 189, 15, CAST(N'2017-11-09' AS Date))
INSERT [dbo].[LoanDetails] ([LoanDetailID], [LoanID], [CopyID], [ReturnDate]) VALUES (834, 60, 116, CAST(N'2016-06-15' AS Date))
INSERT [dbo].[LoanDetails] ([LoanDetailID], [LoanID], [CopyID], [ReturnDate]) VALUES (835, 105, 10, CAST(N'2018-02-03' AS Date))
INSERT [dbo].[LoanDetails] ([LoanDetailID], [LoanID], [CopyID], [ReturnDate]) VALUES (836, 141, 168, CAST(N'2017-03-13' AS Date))
INSERT [dbo].[LoanDetails] ([LoanDetailID], [LoanID], [CopyID], [ReturnDate]) VALUES (837, 241, 48, CAST(N'2021-07-15' AS Date))
INSERT [dbo].[LoanDetails] ([LoanDetailID], [LoanID], [CopyID], [ReturnDate]) VALUES (839, 158, 150, CAST(N'2017-03-19' AS Date))
INSERT [dbo].[LoanDetails] ([LoanDetailID], [LoanID], [CopyID], [ReturnDate]) VALUES (840, 172, 34, CAST(N'2020-06-17' AS Date))
INSERT [dbo].[LoanDetails] ([LoanDetailID], [LoanID], [CopyID], [ReturnDate]) VALUES (841, 51, 143, CAST(N'2017-11-17' AS Date))
INSERT [dbo].[LoanDetails] ([LoanDetailID], [LoanID], [CopyID], [ReturnDate]) VALUES (842, 91, 58, CAST(N'2016-05-25' AS Date))
INSERT [dbo].[LoanDetails] ([LoanDetailID], [LoanID], [CopyID], [ReturnDate]) VALUES (844, 192, 144, CAST(N'2016-08-11' AS Date))
INSERT [dbo].[LoanDetails] ([LoanDetailID], [LoanID], [CopyID], [ReturnDate]) VALUES (845, 296, 159, CAST(N'2019-10-30' AS Date))
INSERT [dbo].[LoanDetails] ([LoanDetailID], [LoanID], [CopyID], [ReturnDate]) VALUES (847, 46, 80, CAST(N'2023-01-31' AS Date))
INSERT [dbo].[LoanDetails] ([LoanDetailID], [LoanID], [CopyID], [ReturnDate]) VALUES (848, 67, 49, CAST(N'2019-04-19' AS Date))
INSERT [dbo].[LoanDetails] ([LoanDetailID], [LoanID], [CopyID], [ReturnDate]) VALUES (850, 165, 114, CAST(N'2023-08-17' AS Date))
INSERT [dbo].[LoanDetails] ([LoanDetailID], [LoanID], [CopyID], [ReturnDate]) VALUES (851, 122, 173, CAST(N'2018-12-18' AS Date))
INSERT [dbo].[LoanDetails] ([LoanDetailID], [LoanID], [CopyID], [ReturnDate]) VALUES (852, 263, 65, CAST(N'2021-12-12' AS Date))
INSERT [dbo].[LoanDetails] ([LoanDetailID], [LoanID], [CopyID], [ReturnDate]) VALUES (853, 49, 67, CAST(N'2015-08-26' AS Date))
INSERT [dbo].[LoanDetails] ([LoanDetailID], [LoanID], [CopyID], [ReturnDate]) VALUES (854, 242, 50, CAST(N'2019-02-20' AS Date))
INSERT [dbo].[LoanDetails] ([LoanDetailID], [LoanID], [CopyID], [ReturnDate]) VALUES (856, 159, 88, CAST(N'2016-01-21' AS Date))
INSERT [dbo].[LoanDetails] ([LoanDetailID], [LoanID], [CopyID], [ReturnDate]) VALUES (857, 101, 104, CAST(N'2019-02-16' AS Date))
INSERT [dbo].[LoanDetails] ([LoanDetailID], [LoanID], [CopyID], [ReturnDate]) VALUES (858, 291, 99, CAST(N'2015-07-17' AS Date))
INSERT [dbo].[LoanDetails] ([LoanDetailID], [LoanID], [CopyID], [ReturnDate]) VALUES (860, 198, 83, CAST(N'2022-08-10' AS Date))
INSERT [dbo].[LoanDetails] ([LoanDetailID], [LoanID], [CopyID], [ReturnDate]) VALUES (861, 223, 85, CAST(N'2022-06-22' AS Date))
INSERT [dbo].[LoanDetails] ([LoanDetailID], [LoanID], [CopyID], [ReturnDate]) VALUES (862, 170, 9, CAST(N'2016-06-18' AS Date))
INSERT [dbo].[LoanDetails] ([LoanDetailID], [LoanID], [CopyID], [ReturnDate]) VALUES (863, 248, 64, CAST(N'2016-10-08' AS Date))
INSERT [dbo].[LoanDetails] ([LoanDetailID], [LoanID], [CopyID], [ReturnDate]) VALUES (864, 117, 106, CAST(N'2016-07-26' AS Date))
INSERT [dbo].[LoanDetails] ([LoanDetailID], [LoanID], [CopyID], [ReturnDate]) VALUES (865, 198, 158, CAST(N'2022-08-10' AS Date))
INSERT [dbo].[LoanDetails] ([LoanDetailID], [LoanID], [CopyID], [ReturnDate]) VALUES (867, 242, 125, CAST(N'2019-02-20' AS Date))
INSERT [dbo].[LoanDetails] ([LoanDetailID], [LoanID], [CopyID], [ReturnDate]) VALUES (868, 235, 20, CAST(N'2023-04-26' AS Date))
INSERT [dbo].[LoanDetails] ([LoanDetailID], [LoanID], [CopyID], [ReturnDate]) VALUES (870, 221, 72, CAST(N'2023-09-18' AS Date))
INSERT [dbo].[LoanDetails] ([LoanDetailID], [LoanID], [CopyID], [ReturnDate]) VALUES (871, 206, 180, CAST(N'2021-03-07' AS Date))
INSERT [dbo].[LoanDetails] ([LoanDetailID], [LoanID], [CopyID], [ReturnDate]) VALUES (872, 30, 172, CAST(N'2017-03-11' AS Date))
INSERT [dbo].[LoanDetails] ([LoanDetailID], [LoanID], [CopyID], [ReturnDate]) VALUES (873, 132, 181, CAST(N'2020-06-01' AS Date))
GO
INSERT [dbo].[LoanDetails] ([LoanDetailID], [LoanID], [CopyID], [ReturnDate]) VALUES (874, 14, 10, CAST(N'2017-10-17' AS Date))
INSERT [dbo].[LoanDetails] ([LoanDetailID], [LoanID], [CopyID], [ReturnDate]) VALUES (877, 13, 26, CAST(N'2018-09-29' AS Date))
INSERT [dbo].[LoanDetails] ([LoanDetailID], [LoanID], [CopyID], [ReturnDate]) VALUES (878, 16, 71, CAST(N'2023-03-06' AS Date))
INSERT [dbo].[LoanDetails] ([LoanDetailID], [LoanID], [CopyID], [ReturnDate]) VALUES (879, 88, 191, CAST(N'2022-02-18' AS Date))
INSERT [dbo].[LoanDetails] ([LoanDetailID], [LoanID], [CopyID], [ReturnDate]) VALUES (880, 106, 93, CAST(N'2015-11-30' AS Date))
INSERT [dbo].[LoanDetails] ([LoanDetailID], [LoanID], [CopyID], [ReturnDate]) VALUES (881, 282, 105, CAST(N'2021-06-08' AS Date))
INSERT [dbo].[LoanDetails] ([LoanDetailID], [LoanID], [CopyID], [ReturnDate]) VALUES (884, 27, 69, CAST(N'2018-03-10' AS Date))
INSERT [dbo].[LoanDetails] ([LoanDetailID], [LoanID], [CopyID], [ReturnDate]) VALUES (885, 149, 14, CAST(N'2020-08-04' AS Date))
INSERT [dbo].[LoanDetails] ([LoanDetailID], [LoanID], [CopyID], [ReturnDate]) VALUES (888, 293, 33, CAST(N'2016-02-24' AS Date))
INSERT [dbo].[LoanDetails] ([LoanDetailID], [LoanID], [CopyID], [ReturnDate]) VALUES (889, 70, 31, CAST(N'2021-09-25' AS Date))
INSERT [dbo].[LoanDetails] ([LoanDetailID], [LoanID], [CopyID], [ReturnDate]) VALUES (890, 161, 129, CAST(N'2016-07-11' AS Date))
INSERT [dbo].[LoanDetails] ([LoanDetailID], [LoanID], [CopyID], [ReturnDate]) VALUES (891, 118, 93, CAST(N'2023-05-01' AS Date))
INSERT [dbo].[LoanDetails] ([LoanDetailID], [LoanID], [CopyID], [ReturnDate]) VALUES (892, 90, 18, CAST(N'2018-09-19' AS Date))
INSERT [dbo].[LoanDetails] ([LoanDetailID], [LoanID], [CopyID], [ReturnDate]) VALUES (894, 255, 157, CAST(N'2018-06-22' AS Date))
INSERT [dbo].[LoanDetails] ([LoanDetailID], [LoanID], [CopyID], [ReturnDate]) VALUES (895, 57, 54, CAST(N'2016-09-03' AS Date))
INSERT [dbo].[LoanDetails] ([LoanDetailID], [LoanID], [CopyID], [ReturnDate]) VALUES (896, 5, 29, CAST(N'2022-11-06' AS Date))
INSERT [dbo].[LoanDetails] ([LoanDetailID], [LoanID], [CopyID], [ReturnDate]) VALUES (897, 9, 58, CAST(N'2015-11-17' AS Date))
INSERT [dbo].[LoanDetails] ([LoanDetailID], [LoanID], [CopyID], [ReturnDate]) VALUES (898, 251, 134, CAST(N'2022-03-08' AS Date))
INSERT [dbo].[LoanDetails] ([LoanDetailID], [LoanID], [CopyID], [ReturnDate]) VALUES (899, 144, 131, CAST(N'2019-03-18' AS Date))
INSERT [dbo].[LoanDetails] ([LoanDetailID], [LoanID], [CopyID], [ReturnDate]) VALUES (900, 69, 93, CAST(N'2015-08-10' AS Date))
GO